AA WF7IHVI76I5H,AA,20240313,jones tammi a,1,1440.0,30.67,9265.0
AA WF7IHVI76I5H,AA,20240313,jones tammi a,1,26468.0,30.7761,41166.0
AAON R735QTJ8XC9X,AAON,20240313,wakefield stephen e,0,12696.0,29.48,28688.0
AAON R735QTJ8XC9X,AAON,20240313,wakefield stephen e,0,1493.0,62.04,40647.0
AAON R735QTJ8XC9X,AAON,20240313,wakefield stephen e,0,2646.0,36.13,39154.0
AAON R735QTJ8XC9X,AAON,20240313,wakefield stephen e,0,7820.0,48.91,36508.0
AAON R735QTJ8XC9X,AAON,20240313,wakefield stephen e,1,24655.0,80.86,15992.0
ACVA XN2VJU8XWNL1,ACVA,20240313,chamoun george,0,300000.0,,897921.0
ACVA XN2VJU8XWNL1,ACVA,20240313,chamoun george,1,300000.0,0,597921.0
ACVA XN2VJU8XWNL1,ACVA,20240313,hirsch brian,1,275452.0,17.49,0
ACVA XN2VJU8XWNL1,ACVA,20240313,hirsch brian,1,61853.0,17.67,106332.0
ACVA XN2VJU8XWNL1,ACVA,20240313,hirsch brian,1,826355.0,17.49,0
ACVA XN2VJU8XWNL1,ACVA,20240314,hirsch brian,1,102970.0,17.38,3362.0
ACVA XN2VJU8XWNL1,ACVA,20240315,hirsch brian,1,3362.0,17.58,0
ADC R735QTJ8XC9X,ADC,20240314,breslin stephen,0,450.0,55.33,10441.0
ADSK R735QTJ8XC9X,ADSK,20240315,mcdowell mary t,1,550.0,256.66,33216.0
AESI Y6MW6OSMM3C5,AESI,20240313,burleson gayle,0,6866.0,21.12,14922.0
AESI Y6MW6OSMM3C5,AESI,20240313,hock stacy,0,6866.0,21.12,977604.0
AESI Y6MW6OSMM3C5,AESI,20240313,howard john michael,0,10417.0,21.12,10417.0
AESI Y6MW6OSMM3C5,AESI,20240313,langford a lance,0,11364.0,21.12,173440.0
AESI Y6MW6OSMM3C5,AESI,20240313,mills mark p,0,10417.0,21.12,18473.0
AESI Y6MW6OSMM3C5,AESI,20240313,rogers douglas g,0,6866.0,21.12,17922.0
AESI Y6MW6OSMM3C5,AESI,20240313,voyles robb l.,0,6866.0,21.12,14922.0
AFL R735QTJ8XC9X,AFL,20240314,riggieri albert,1,8000.0,83.345,32825.0
AIRS XT2IGBCWNVQD,AIRS,20240314,magazine todd,1,15509.0,5.93,261426.0
AJG R735QTJ8XC9X,AJG,20240313,howell douglas k,1,198.0,0,90743.5662
AJG R735QTJ8XC9X,AJG,20240315,howell douglas k,1,238.0,0,90505.5662
AKRO X5HR3Q1EPJDX,AKRO,20240313,cheng andrew,1,1969.0,28.33,589447.0
AKRO X5HR3Q1EPJDX,AKRO,20240313,white william richard,1,724.0,28.33,49630.0
AKRO X5HR3Q1EPJDX,AKRO,20240313,yale catriona,1,723.0,28.33,77692.0
AKRO X5HR3Q1EPJDX,AKRO,20240313,young jonathan,1,651.0,28.33,268306.0
AKYA XNPITZNTO09X,AKYA,20240313,mckelligon brian,1,7500.0,4.938,224368.0
AKYA XNPITZNTO09X,AKYA,20240313,shepler robert g,0,369592.0,0,369592.0
AKYA XNPITZNTO09X,AKYA,20240313,shepler robert g,1,369592.0,0,0
ALKT XNLL1M75CZMT,ALKT,20240313,hill w bryan,0,50000.0,2.34,558501.0
ALKT XNLL1M75CZMT,ALKT,20240313,hill w bryan,1,50000.0,23.7445,508501.0
ALKT XNLL1M75CZMT,ALKT,20240314,linebarger douglas a.,0,33593.0,1.7,296342.0
ALKT XNLL1M75CZMT,ALKT,20240314,linebarger douglas a.,1,33593.0,23.5889,262749.0
ALKT XNLL1M75CZMT,ALKT,20240315,linebarger douglas a.,0,4362.0,1.7,267111.0
ALKT XNLL1M75CZMT,ALKT,20240315,linebarger douglas a.,1,4362.0,23.5045,262749.0
ALRM W1P3NOSTDSV9,ALRM,20240315,nevin darius g,1,2593.0,73.55,19561.0
AMD R735QTJ8XC9X,AMD,20240313,su lisa t,1,23242.0,196.1,3227911.0
AMD R735QTJ8XC9X,AMD,20240313,su lisa t,1,36977.0,194.36,3303204.0
AMD R735QTJ8XC9X,AMD,20240313,su lisa t,1,400.0,198.41,3222230.0
AMD R735QTJ8XC9X,AMD,20240313,su lisa t,1,52051.0,195.23,3251153.0
AMD R735QTJ8XC9X,AMD,20240313,su lisa t,1,5281.0,197.25,3222630.0
AMD R735QTJ8XC9X,AMD,20240313,su lisa t,1,7049.0,193.48,3340181.0
AND UTTQLQ22NNFP,AND,20240315,hofmann jeremy,1,7813.0,54.7643,137347.0
APRE X8D51JG4QR8L,APRE,20240313,gilad oren,0,2000.0,7.29,324770.0
APRE X8D51JG4QR8L,APRE,20240313,hamill john p.,0,1010.0,7.29,15503.0
APRE X8D51JG4QR8L,APRE,20240313,henneman john b iii,0,6860.0,7.29,8139.0
APRE X8D51JG4QR8L,APRE,20240313,seizinger bernd r.,0,6860.0,7.29,33685.0
APXT X99MSMIP9NJ9,AVPT,20240313,brown brian michael,1,20039.0,7.85,1394787.0
APXT X99MSMIP9NJ9,AVPT,20240313,caci james,1,24478.0,7.85,720473.0
APXT X99MSMIP9NJ9,AVPT,20240313,gong xunkai,1,15152.0,7.85,597599.0
APXT X99MSMIP9NJ9,AVPT,20240313,jiang tianyi,1,11656.0,7.85,574943.0
AQXP VONFF3BAVXB9,NGNE,20240313,cobb stuart,0,20391.0,0,20391.0
AQXP VONFF3BAVXB9,NGNE,20240313,cvijic christine mikail,0,31903.0,0,52844.0
ASB VWMXYE4L886D,ASB,20240313,ahern patrick edward,0,9278.0,20.7,39806.0
ASB VWMXYE4L886D,ASB,20240313,ahern patrick edward,1,2719.0,20.7,37087.0
ASB VWMXYE4L886D,ASB,20240313,braeger matthew r,0,3497.0,20.7,14583.0966
ASB VWMXYE4L886D,ASB,20240313,braeger matthew r,1,1644.0,20.7,12939.0966
ASB VWMXYE4L886D,ASB,20240313,dewitt angie,0,8564.0,20.7,47750.3599
ASB VWMXYE4L886D,ASB,20240313,dewitt angie,1,3606.0,20.7,44144.3599
ASB VWMXYE4L886D,ASB,20240313,erickson randall j.,0,13132.0,20.7,155954.0
ASB VWMXYE4L886D,ASB,20240313,erickson randall j.,1,3500.0,20.7,152454.0
ASB VWMXYE4L886D,ASB,20240313,harmening andrew j,0,44389.0,20.7,313353.0
ASB VWMXYE4L886D,ASB,20240313,harmening andrew j,1,20863.0,20.7,292490.0
ASB VWMXYE4L886D,ASB,20240313,kitowski nicole m,0,9992.0,20.7,47638.9126
ASB VWMXYE4L886D,ASB,20240313,kitowski nicole m,1,4697.0,20.7,42941.9126
ASB VWMXYE4L886D,ASB,20240313,schmidt paul gregory,0,9421.0,20.7,75475.0
ASB VWMXYE4L886D,ASB,20240313,schmidt paul gregory,1,2883.0,20.7,72592.0
ASB VWMXYE4L886D,ASB,20240313,stadler tammy c.,0,8564.0,20.7,70519.9117
ASB VWMXYE4L886D,ASB,20240313,stadler tammy c.,1,4026.0,20.7,66493.9117
ASB VWMXYE4L886D,ASB,20240313,stein david l,0,14046.0,20.7,104140.0
ASB VWMXYE4L886D,ASB,20240313,stein david l,1,4495.0,20.7,99645.0
ASB VWMXYE4L886D,ASB,20240313,utz john a.,0,15246.0,20.7,105125.867
ASB VWMXYE4L886D,ASB,20240313,utz john a.,0,972.0,0,102922.867
ASB VWMXYE4L886D,ASB,20240313,utz john a.,1,3175.0,20.7,101950.867
ASTM R735QTJ8XC9X,VCEL,20240313,colangelo dominick,0,17500.0,3.02,212370.0
ASTM R735QTJ8XC9X,VCEL,20240313,colangelo dominick,1,17500.0,44.67,194870.0
ASTM R735QTJ8XC9X,VCEL,20240314,colangelo dominick,0,17500.0,3.02,212370.0
ASTM R735QTJ8XC9X,VCEL,20240314,colangelo dominick,1,17500.0,44.02,194870.0
ATR R735QTJ8XC9X,ATR,20240314,chainey kimberly,1,371.0,140.93,6660.0
ATR R735QTJ8XC9X,ATR,20240314,gong xiangwei,1,459.0,140.93,18214.0
ATR R735QTJ8XC9X,ATR,20240314,kuhn robert,1,708.0,140.93,61233.0
ATR R735QTJ8XC9X,ATR,20240314,tanda stephan b.,1,2783.0,140.93,156241.0
ATR R735QTJ8XC9X,ATR,20240314,tlili hedi,1,559.0,141.36,8122.0
ATR R735QTJ8XC9X,ATR,20240314,touya gael,1,680.0,141.36,32746.0
ATR R735QTJ8XC9X,ATR,20240314,vinczeller shiela,1,273.0,140.93,21298.0
ATRO R735QTJ8XC9X,ATRO,20240314,kuehn michael c,1,7074.0,17.72,12875.128
AVDX XSLRUQ51D205,AVDX,20240314,praeger michael,0,46692.0,4.17,10517152.0
AVDX XSLRUQ51D205,AVDX,20240314,praeger michael,1,46692.0,12.551,10470460.0
AWRE R735QTJ8XC9X,AWRE,20240314,traverse david k,0,4907.0,1.58,25458.0
BDX R735QTJ8XC9X,BDX,20240314,spoerel thomas j,1,282.0,238.29,2276.0
BECN T29FOFXSUAG5,BECN,20240313,gosa james j,1,575.0,0,18412.0
BELFB RC998HO5DXLX,BELFB,20240313,vellucci vincent,1,1000.0,56.7,7392.0
BELFB RC998HO5DXLX,BELFB,20240315,ackerman dennis,0,5276.0,0,12776.0
BELFB RC998HO5DXLX,BELFB,20240315,bernstein daniel,0,10958.0,0,30717.0
BELFB RC998HO5DXLX,BELFB,20240315,berry joseph francis,0,1023.0,0,9023.0
BELFB RC998HO5DXLX,BELFB,20240315,bittner peter g. iii,0,2435.0,0,23935.0
BELFB RC998HO5DXLX,BELFB,20240315,hutkin lynn katherine,0,1278.0,0,17405.0
BELFB RC998HO5DXLX,BELFB,20240315,kozlovsky suzanne,0,1674.0,0,11674.0
BELFB RC998HO5DXLX,BELFB,20240315,lai kenneth koon keung,0,1370.0,0,15870.0
BELFB RC998HO5DXLX,BELFB,20240315,tuweiq farouq salem ali,0,5935.0,0,40935.0
BGFV SFT1NOM80VOL,BGFV,20240314,clark boyd o,0,10000.0,0,40034.0
BGFV SFT1NOM80VOL,BGFV,20240314,emerson barry,0,10000.0,0,40034.0
BGFV SFT1NOM80VOL,BGFV,20240314,fraley jeffrey l,0,8000.0,0,24075.0
BGFV SFT1NOM80VOL,BGFV,20240314,landgreen ian r,0,10000.0,0,42801.0
BGFV SFT1NOM80VOL,BGFV,20240314,miller steven g,0,22000.0,0,103418.0
BGFV SFT1NOM80VOL,BGFV,20240314,pasillas frank,0,6000.0,0,16208.0
BGFV SFT1NOM80VOL,BGFV,20240314,starr shane o,0,8000.0,0,25250.0
BHRB Y7Y5N6CQAB1H,BHRB,20240315,barnwell julian forrest jr.,0,3000.0,52.0,174939.0
BLL R735QTJ8XC9X,BALL,20240314,fisher daniel william,0,3869.0,64.556,111865.7317
BOFI T6ZS0M802T7P,AX,20240313,micheletti andrew j,1,13000.0,51.16,39000.0
BPMC W04Z6CY70SPX,BPMC,20240313,lee philina,0,1224.0,15.01,42752.0
BPMC W04Z6CY70SPX,BPMC,20240313,lee philina,0,523.0,8.8,41528.0
BPMC W04Z6CY70SPX,BPMC,20240313,lee philina,1,1800.0,89.88,34729.0
BPMC W04Z6CY70SPX,BPMC,20240313,lee philina,1,6223.0,90.55,36529.0
BROS XRV6S79HAOO5,BROS,20240314,maxwell brian,1,1474.0,35.0,1039646.0
BSBK XB8IZCUURZ39,BSBK,20240314,masterson john j.,0,1929.0,7.3,171184.0
BSBK XB8IZCUURZ39,BSBK,20240315,masterson john j.,0,1400.0,7.3,172584.0
BSFC XT7FOS6R1NJ9,BSFC,20231231,keeler john r,0,173611.0,,923801.0
BSFC XT7FOS6R1NJ9,BSFC,20231231,ringstad trond k.,0,277778.0,0.144,283793.0
BSY XI3O6TO7ZCDH,BSY,20240313,andre werner,0,13280.0,0,273104.0
BSY XI3O6TO7ZCDH,BSY,20240313,andre werner,1,1627.0,48.68,259824.0
BSY XI3O6TO7ZCDH,BSY,20240313,ballard brock,0,9541.0,0,69455.0
BSY XI3O6TO7ZCDH,BSY,20240313,ballard brock,1,1219.0,48.68,59914.0
BSY XI3O6TO7ZCDH,BSY,20240313,campbell michael m,0,13280.0,0,93319.0
BSY XI3O6TO7ZCDH,BSY,20240313,campbell michael m,1,1581.0,48.68,80039.0
BSY XI3O6TO7ZCDH,BSY,20240313,cumins nicholas,0,15949.0,0,181478.0
BSY XI3O6TO7ZCDH,BSY,20240313,cumins nicholas,1,2234.0,48.68,165529.0
BSY XI3O6TO7ZCDH,BSY,20240313,shaman david r.,0,11864.0,0,515018.0
BSY XI3O6TO7ZCDH,BSY,20240313,shaman david r.,1,1458.0,48.68,503154.0
BTSG YFFY4SKZ910L,BTSG,20240314,mattingly james f jr,0,12280.0,8.18,128700.0
BTSG YFFY4SKZ910L,BTSG,20240314,phipps jennifer a,0,12300.0,8.14,165618.0
BTSG YFFY4SKZ910L,BTSG,20240314,rousseau jon b,0,37405.0,8.12,39352.0
BTU S4X5QH11KLT1,BTU,20240313,algaze samantha,0,34.0,25.15,28942.0
BTU S4X5QH11KLT1,BTU,20240313,banks margaret katherine,0,6.0,25.15,2281.0
BTU S4X5QH11KLT1,BTU,20240313,bertone andrea e.,0,90.0,25.15,30516.0
BTU S4X5QH11KLT1,BTU,20240313,champion william h,0,66.0,25.15,22351.0
BTU S4X5QH11KLT1,BTU,20240313,chirekos nicholas j.,0,34.0,25.15,24313.0
BTU S4X5QH11KLT1,BTU,20240313,grech james c.,0,424.0,25.15,308096.0
BTU S4X5QH11KLT1,BTU,20240313,jarboe scott t.,0,56.0,25.15,66189.0
BTU S4X5QH11KLT1,BTU,20240313,spurbeck mark,0,76.0,25.15,75540.0
BTU S4X5QH11KLT1,BTU,20240313,yeates darren ronald,0,93.0,25.15,80460.0
BXC T4I6C3XN45LX,BXC,20240315,lewis mitchell b,1,5352.0,116.33,33476.0
BYD R735QTJ8XC9X,BYD,20240313,boyd william s,1,63464.0,63.12,8795449.0
BYD R735QTJ8XC9X,BYD,20240314,boyd william s,1,32703.0,62.1,8762746.0
BYRN XO88BRM14CBP,BYRN,20240312,ganz bryan,0,300000.0,,920148.0
BYRN XO88BRM14CBP,BYRN,20240312,ganz bryan,1,17837.0,11.55,880406.0
BYRN XO88BRM14CBP,BYRN,20240312,ganz bryan,1,21905.0,11.55,898243.0
BYRN XO88BRM14CBP,BYRN,20240312,north david,0,50000.0,,72989.0
BYRN XO88BRM14CBP,BYRN,20240312,north david,1,7589.0,11.55,65400.0
BYRN XO88BRM14CBP,BYRN,20240312,wager lisa,0,50000.0,,274317.0
BYRN XO88BRM14CBP,BYRN,20240312,wager lisa,1,8097.0,11.55,266220.0
CACI R735QTJ8XC9X,CACI,20240313,plunkett debora a,1,270.0,373.82,2146.0
CATC WOT4EOWG1BHH,CATC,20240313,sheahan denis k,1,816.0,0,49285.0
CATC WOT4EOWG1BHH,CATC,20240313,stone robert gregg iii,1,3624.0,65.73,10708.0
CATC WOT4EOWG1BHH,CATC,20240313,stone robert gregg iii,1,40.0,66.0,14332.0
CATC WOT4EOWG1BHH,CATC,20240313,stone robert gregg iii,1,5.0,65.95,14372.0
CBAY VRJST036ZWBP,CBAY,20240313,quinlan paul t,0,41824.0,7.89,70262.0
CBAY VRJST036ZWBP,CBAY,20240313,shah sujal,0,1.0,2.94,406670.0
CBAY VRJST036ZWBP,CBAY,20240313,shah sujal,0,11649.0,10.0,279200.0
CBAY VRJST036ZWBP,CBAY,20240313,shah sujal,0,14372.0,8.43,382305.0
CBAY VRJST036ZWBP,CBAY,20240313,shah sujal,0,14625.0,1.06,293825.0
CBAY VRJST036ZWBP,CBAY,20240313,shah sujal,0,18899.0,9.21,364808.0
CBAY VRJST036ZWBP,CBAY,20240313,shah sujal,0,22076.0,4.05,404381.0
CBAY VRJST036ZWBP,CBAY,20240313,shah sujal,0,2288.0,5.78,406669.0
CBAY VRJST036ZWBP,CBAY,20240313,shah sujal,0,3125.0,11.69,367933.0
CBAY VRJST036ZWBP,CBAY,20240313,shah sujal,0,52084.0,1.72,345909.0
CBL R735QTJ8XC9X,CBL,20240313,lebovitz stephen d,1,27000.0,22.6692,362238.0
CBU R735QTJ8XC9X,CBU,20240314,knauss jeffery j,0,1198.8194,45.74,2124.4908
CDRE XT8F4VJX4EP1,CDRE,20240313,browers blaine,0,3391.0,,75650.0
CDRE XT8F4VJX4EP1,CDRE,20240313,browers blaine,1,1333.0,39.49,74317.0
CDRE XT8F4VJX4EP1,CDRE,20240313,kanders warren b,0,11453.0,,27212.0
CDRE XT8F4VJX4EP1,CDRE,20240313,kanders warren b,1,3219.0,39.49,23993.0
CDRE XT8F4VJX4EP1,CDRE,20240313,williams brad,0,4190.0,,84802.0
CDRE XT8F4VJX4EP1,CDRE,20240313,williams brad,1,1649.0,39.49,83153.0
CE T5JLBNU20TPH,CE,20240314,kelly thomas francis,0,1400.0,156.695,57023.0
CE T5JLBNU20TPH,CE,20240314,richardson scott a,1,2000.0,156.85,76428.703
CE T5JLBNU20TPH,CE,20240315,richardson scott a,1,2000.0,156.49,74428.703
CELH UK18K93N9JZ9,CELH,20240313,desantis dean,1,100000.0,95.7535,219257.0
CERS R735QTJ8XC9X,CERS,20240312,benjamin richard j,0,16666.0,,494727.0
CERS R735QTJ8XC9X,CERS,20240312,corash laurence m,0,16666.0,,2368167.0
CERS R735QTJ8XC9X,CERS,20240312,green kevin dennis,0,21666.0,,661305.0
CERS R735QTJ8XC9X,CERS,20240312,greenman william mariner,0,64666.0,,3307207.0
CERS R735QTJ8XC9X,CERS,20240312,jayaraman vivek k,0,25000.0,,931694.0
CERS R735QTJ8XC9X,CERS,20240312,jensen chrystal,0,16666.0,,526196.0
CERS R735QTJ8XC9X,CERS,20240312,moore carol,0,11666.0,,511242.0
CERS R735QTJ8XC9X,CERS,20240313,benjamin richard j,1,17377.0,2.057,477350.0
CERS R735QTJ8XC9X,CERS,20240313,corash laurence m,1,14067.0,2.057,2354100.0
CERS R735QTJ8XC9X,CERS,20240313,green kevin dennis,1,21058.0,2.0153,640247.0
CERS R735QTJ8XC9X,CERS,20240313,greenman william mariner,1,62315.0,2.057,3244892.0
CERS R735QTJ8XC9X,CERS,20240313,jayaraman vivek k,1,26247.0,2.057,905447.0
CERS R735QTJ8XC9X,CERS,20240313,jensen chrystal,1,17460.0,2.057,508736.0
CERS R735QTJ8XC9X,CERS,20240313,moore carol,1,10203.0,2.057,501039.0
CERS R735QTJ8XC9X,CERS,20240313,moore carol,1,10416.0,1.9744,490623.0
CERS R735QTJ8XC9X,CERS,20240314,benjamin richard j,1,17738.0,1.9744,459612.0
CERS R735QTJ8XC9X,CERS,20240314,corash laurence m,1,14360.0,1.9744,2339740.0
CERS R735QTJ8XC9X,CERS,20240314,green kevin dennis,1,21497.0,1.9744,618750.0
CERS R735QTJ8XC9X,CERS,20240314,greenman william mariner,1,63611.0,2.0153,3181281.0
CERS R735QTJ8XC9X,CERS,20240314,jayaraman vivek k,1,26794.0,1.9744,878653.0
CERS R735QTJ8XC9X,CERS,20240314,jensen chrystal,1,17824.0,1.9744,490912.0
CFAC XKX38GCLV1WL,LIDR,20240315,hughes andrew s,1,494.0,1.15,71099.0
CFAC XKX38GCLV1WL,LIDR,20240315,ramachandran tirukkur r,1,176.0,1.15,62147.0
CFR R735QTJ8XC9X,CFR,20240314,berman bobby,1,1312.0,105.49,27815.0
CHCI T4I6C3XN45LX,CHCI,20240313,holly thomas joseph,0,2306.0,0,11616.0
CHCI T4I6C3XN45LX,CHCI,20240313,paul david peter,0,2253.0,0,5724.0
CLAQ XQPU09WE2ZXH,KITT,20240313,gibson john w jr,0,938975.0,,967780.0
CLAQ XQPU09WE2ZXH,KITT,20240313,gibson john w jr,1,352475.0,0.19,615305.0
CLBR XPY9HNNNXVFP,PSQH,20240313,wunderlich dusty,0,1123294.0,0,1123294.0
CLF R735QTJ8XC9X,CLF,20240313,green susan miranda,1,6500.0,20.4001,90286.3438
CLHB R735QTJ8XC9X,CLH,20240314,preston john t,1,1913.0,188.36,4767.0
CMPS XHYQYCUDLKKL,CMPS,20240312,goldsmith george jay,1,15740.0,10.5803,4076833.0
CMPS XHYQYCUDLKKL,CMPS,20240312,goldsmith george jay,1,15740.0,10.5803,4079107.0
CMPS XHYQYCUDLKKL,CMPS,20240312,malievskaia ekaterina,1,15740.0,10.5803,4076833.0
CMPS XHYQYCUDLKKL,CMPS,20240312,malievskaia ekaterina,1,15740.0,10.5803,4079107.0
CMPS XHYQYCUDLKKL,CMPS,20240313,goldsmith george jay,1,17203.0,10.8049,4059630.0
CMPS XHYQYCUDLKKL,CMPS,20240313,goldsmith george jay,1,17203.0,10.8049,4061904.0
CMPS XHYQYCUDLKKL,CMPS,20240313,malievskaia ekaterina,1,17203.0,10.8049,4059630.0
CMPS XHYQYCUDLKKL,CMPS,20240313,malievskaia ekaterina,1,17203.0,10.8049,4061904.0
CNS T152CLXVPCV9,CNS,20240314,brown brandon,0,32.0,0,6266.0
CNS T152CLXVPCV9,CNS,20240314,charles daniel p,0,300.0,0,52364.0
CNS T152CLXVPCV9,CNS,20240314,cheigh jon,0,650.0,0,174033.0
CNS T152CLXVPCV9,CNS,20240314,derechin adam m,0,208.0,0,525646.0
CNS T152CLXVPCV9,CNS,20240314,dulik elena,0,40.0,0,21042.0
CNS T152CLXVPCV9,CNS,20240314,harvey joseph m,0,1152.0,0,1314786.0
CNS T152CLXVPCV9,CNS,20240314,poli francis c,0,201.0,0,79499.0
CNS T152CLXVPCV9,CNS,20240314,stadler matthew s.,0,272.0,0,147580.0
COCO XSUMVKFK1UG5,COCO,20240314,baker corey,1,5757.0,25.19,51518.0
COCO XSUMVKFK1UG5,COCO,20240314,burth jonathan,1,595.0,25.19,136849.0
COCO XSUMVKFK1UG5,COCO,20240314,prior jane,1,601.0,25.19,131834.0
COCO XSUMVKFK1UG5,COCO,20240314,ricalde rowena,1,404.0,25.19,22946.0
COCO XSUMVKFK1UG5,COCO,20240314,van es charles,1,595.0,25.19,97668.0
COHR R735QTJ8XC9X,COHR,20240315,mattera vincent d jr,1,5000.0,58.9139,674684.0
COI SBZ72LELB97P,CCOI,20240313,schaeffer dave,1,30000.0,67.52,4679377.0
COOK XQJXBPPDMGYT,COOK,20240313,andrus jeremy,0,184589.0,2.3237,6998464.0
COOK XQJXBPPDMGYT,COOK,20240314,andrus jeremy,0,212100.0,2.3766,7210564.0
COP R735QTJ8XC9X,BH,20240312,biglari sardar,0,497.0,950.54,121931.7
COP R735QTJ8XC9X,BH,20240312,biglari sardar,0,659.0,191.17,1272403.0
COP R735QTJ8XC9X,BH,20240313,biglari sardar,0,69.0,976.62,122000.7
COP R735QTJ8XC9X,BH,20240313,biglari sardar,0,940.0,194.1,1273343.0
CPNG XMQ2QMHQWUHX,CPNG,20240312,svf investments (uk) ltd,1,31089446.0,19.0,365066967.0
CPNG XMQ2QMHQWUHX,CPNG,20240312,svf investments (uk) ltd,1,524708.0,19.4922,364542259.0
CPNG XMQ2QMHQWUHX,CPNG,20240313,svf investments (uk) ltd,1,15000000.0,19.6,349542259.0
CPRT R735QTJ8XC9X,CPRT,20240313,tryforos thomas n,0,320000.0,4.55,320000.0
CPRT R735QTJ8XC9X,CPRT,20240313,tryforos thomas n,1,285000.0,55.27,35000.0
CPRT R735QTJ8XC9X,CPRT,20240314,tryforos thomas n,1,33651.0,0,1349.0
CRDO XVI58MWXH10L,CRDO,20240313,brennan william joseph,1,15000.0,20.5525,3082500.0
CRDO XVI58MWXH10L,CRDO,20240314,brennan william joseph,1,15000.0,19.72,3067500.0
CRM SZQUJUA9SVOL,CRM,20240314,benioff marc,1,1551.0,305.3055,13177191.0
CRM SZQUJUA9SVOL,CRM,20240314,benioff marc,1,3100.0,302.6591,13188066.0
CRM SZQUJUA9SVOL,CRM,20240314,benioff marc,1,3346.0,303.6807,13184720.0
CRM SZQUJUA9SVOL,CRM,20240314,benioff marc,1,338.0,308.6713,13176166.0
CRM SZQUJUA9SVOL,CRM,20240314,benioff marc,1,5978.0,304.5631,13178742.0
CRM SZQUJUA9SVOL,CRM,20240314,benioff marc,1,609.0,308.0526,13176504.0
CRM SZQUJUA9SVOL,CRM,20240314,benioff marc,1,78.0,306.3302,13177113.0
CRNCV X7WEFY89FXID,CRNC,20240314,ortmanns stefan,1,21446.0,14.734,552539.0
CRTO VL6DN7UV63XH,CRTO,20240313,clarken megan,1,5485.0,35.0,552933.0
CRTO VL6DN7UV63XH,CRTO,20240314,clarken megan,1,15837.0,35.0,537096.0
CRVL R735QTJ8XC9X,CRVL,20240313,clemons v gordon,0,41950.0,0,41950.0
CRVL R735QTJ8XC9X,CRVL,20240313,clemons v gordon,1,1500.0,0,900030.0
CRVL R735QTJ8XC9X,CRVL,20240313,clemons v gordon,1,1500.0,0,901530.0
CRVL R735QTJ8XC9X,CRVL,20240313,clemons v gordon,1,41950.0,0,268584.0
CRY R735QTJ8XC9X,AORT,20240312,getz matthew a,1,5000.0,19.9439,43536.0
CRY R735QTJ8XC9X,AORT,20240314,green andrew m,1,3994.0,20.0,42583.0
CSWIV W3XUBCSNNO11,CSWI,20240313,sullivan don,1,2029.0,231.59,28956.0
CSWIV W3XUBCSNNO11,CSWI,20240313,sullivan don,1,5797.0,230.66,30985.0
CTBI R735QTJ8XC9X,CTBI,20240102,minnifield franky,0,128.76,43.84,12400.729
CTBI R735QTJ8XC9X,CTBI,20240315,minnifield franky,0,2000.0,39.2799,14400.729
CTRA WMX6K8NSR9ET,AMR,20240312,courtis kenneth s.,1,11070.0,318.86,683538.0
CTRA WMX6K8NSR9ET,AMR,20240312,courtis kenneth s.,1,1428.0,321.32,694608.0
CTRA WMX6K8NSR9ET,AMR,20240312,courtis kenneth s.,1,2502.0,318.0,681036.0
CTRA WMX6K8NSR9ET,AMR,20240313,courtis kenneth s.,1,130.0,302.29,661736.0
CTRA WMX6K8NSR9ET,AMR,20240313,courtis kenneth s.,1,1369.0,313.37,676337.0
CTRA WMX6K8NSR9ET,AMR,20240313,courtis kenneth s.,1,1823.0,308.12,664966.0
CTRA WMX6K8NSR9ET,AMR,20240313,courtis kenneth s.,1,1900.0,310.09,669198.0
CTRA WMX6K8NSR9ET,AMR,20240313,courtis kenneth s.,1,2051.0,311.46,671098.0
CTRA WMX6K8NSR9ET,AMR,20240313,courtis kenneth s.,1,2200.0,314.62,677706.0
CTRA WMX6K8NSR9ET,AMR,20240313,courtis kenneth s.,1,2409.0,309.16,666789.0
CTRA WMX6K8NSR9ET,AMR,20240313,courtis kenneth s.,1,260.0,303.11,661866.0
CTRA WMX6K8NSR9ET,AMR,20240313,courtis kenneth s.,1,300.0,318.1,680736.0
CTRA WMX6K8NSR9ET,AMR,20240313,courtis kenneth s.,1,3188.0,312.19,673149.0
CTRA WMX6K8NSR9ET,AMR,20240313,courtis kenneth s.,1,500.0,307.28,664466.0
CTRA WMX6K8NSR9ET,AMR,20240313,courtis kenneth s.,1,700.0,300.56,661036.0
CTRA WMX6K8NSR9ET,AMR,20240313,courtis kenneth s.,1,700.0,304.85,663066.0
CTRA WMX6K8NSR9ET,AMR,20240313,courtis kenneth s.,1,700.0,306.29,663766.0
CTRA WMX6K8NSR9ET,AMR,20240313,courtis kenneth s.,1,830.0,315.45,679906.0
CTRA WMX6K8NSR9ET,AMR,20240313,courtis kenneth s.,1,940.0,304.06,662126.0
CW R735QTJ8XC9X,CW,20240313,ferdenzi paul j,1,2500.0,240.0,17383.0
CW R735QTJ8XC9X,CW,20240314,farkas k christopher,1,2736.0,240.16,9172.0
DBD YAYGTGLAPAP1,DBD,20240313,marquez octavio,0,22.0,34.18,133661.0
DBD YAYGTGLAPAP1,DBD,20240313,marquez octavio,0,978.0,34.2692,133639.0
DBD YAYGTGLAPAP1,DBD,20240314,marquez octavio,0,500.0,33.8,134161.0
DBX WT2Q59YRZ0IT,DBX,20240313,houston andrew,0,444444.0,0,444444.0
DBX WT2Q59YRZ0IT,DBX,20240313,houston andrew,1,444444.0,0,0
DELL X0QFBGE1E9GL,DELL,20240313,slta iv (gp) l.l.c.,0,22331.0,,22331.0
DELL X0QFBGE1E9GL,DELL,20240313,slta iv (gp) l.l.c.,0,274.0,,274.0
DELL X0QFBGE1E9GL,DELL,20240313,slta iv (gp) l.l.c.,0,40187.0,,40187.0
DELL X0QFBGE1E9GL,DELL,20240313,slta iv (gp) l.l.c.,0,41254.0,,41254.0
DELL X0QFBGE1E9GL,DELL,20240313,slta iv (gp) l.l.c.,0,607.0,,607.0
DELL X0QFBGE1E9GL,DELL,20240313,slta iv (gp) l.l.c.,1,16566.0,110.17,5765.0
DELL X0QFBGE1E9GL,DELL,20240313,slta iv (gp) l.l.c.,1,274.0,110.17,0
DELL X0QFBGE1E9GL,DELL,20240313,slta iv (gp) l.l.c.,1,27668.0,110.17,12519.0
DELL X0QFBGE1E9GL,DELL,20240313,slta iv (gp) l.l.c.,1,31955.0,110.17,9299.0
DELL X0QFBGE1E9GL,DELL,20240313,slta iv (gp) l.l.c.,1,607.0,110.17,0
DELL X0QFBGE1E9GL,DELL,20240313,slta v (gp) l.l.c.,0,22331.0,,22331.0
DELL X0QFBGE1E9GL,DELL,20240313,slta v (gp) l.l.c.,0,274.0,,274.0
DELL X0QFBGE1E9GL,DELL,20240313,slta v (gp) l.l.c.,0,40187.0,,40187.0
DELL X0QFBGE1E9GL,DELL,20240313,slta v (gp) l.l.c.,0,41254.0,,41254.0
DELL X0QFBGE1E9GL,DELL,20240313,slta v (gp) l.l.c.,0,607.0,,607.0
DELL X0QFBGE1E9GL,DELL,20240313,slta v (gp) l.l.c.,1,16566.0,110.17,5765.0
DELL X0QFBGE1E9GL,DELL,20240313,slta v (gp) l.l.c.,1,274.0,110.17,0
DELL X0QFBGE1E9GL,DELL,20240313,slta v (gp) l.l.c.,1,27668.0,110.17,12519.0
DELL X0QFBGE1E9GL,DELL,20240313,slta v (gp) l.l.c.,1,31955.0,110.17,9299.0
DELL X0QFBGE1E9GL,DELL,20240313,slta v (gp) l.l.c.,1,607.0,110.17,0
DELL X0QFBGE1E9GL,DELL,20240314,slta iv (gp) l.l.c.,0,3112.0,,8877.0
DELL X0QFBGE1E9GL,DELL,20240314,slta iv (gp) l.l.c.,0,38.0,,38.0
DELL X0QFBGE1E9GL,DELL,20240314,slta iv (gp) l.l.c.,0,5600.0,,18119.0
DELL X0QFBGE1E9GL,DELL,20240314,slta iv (gp) l.l.c.,0,5749.0,,15048.0
DELL X0QFBGE1E9GL,DELL,20240314,slta iv (gp) l.l.c.,0,85.0,,85.0
DELL X0QFBGE1E9GL,DELL,20240314,slta iv (gp) l.l.c.,1,2309.0,110.75,6568.0
DELL X0QFBGE1E9GL,DELL,20240314,slta iv (gp) l.l.c.,1,38.0,110.75,0
DELL X0QFBGE1E9GL,DELL,20240314,slta iv (gp) l.l.c.,1,3855.0,110.75,14264.0
DELL X0QFBGE1E9GL,DELL,20240314,slta iv (gp) l.l.c.,1,4449.0,110.75,10599.0
DELL X0QFBGE1E9GL,DELL,20240314,slta iv (gp) l.l.c.,1,85.0,110.75,0
DELL X0QFBGE1E9GL,DELL,20240314,slta v (gp) l.l.c.,0,3112.0,,8877.0
DELL X0QFBGE1E9GL,DELL,20240314,slta v (gp) l.l.c.,0,38.0,,38.0
DELL X0QFBGE1E9GL,DELL,20240314,slta v (gp) l.l.c.,0,5600.0,,18119.0
DELL X0QFBGE1E9GL,DELL,20240314,slta v (gp) l.l.c.,0,5749.0,,15048.0
DELL X0QFBGE1E9GL,DELL,20240314,slta v (gp) l.l.c.,0,85.0,,85.0
DELL X0QFBGE1E9GL,DELL,20240314,slta v (gp) l.l.c.,1,2309.0,110.75,6568.0
DELL X0QFBGE1E9GL,DELL,20240314,slta v (gp) l.l.c.,1,38.0,110.75,0
DELL X0QFBGE1E9GL,DELL,20240314,slta v (gp) l.l.c.,1,3855.0,110.75,14264.0
DELL X0QFBGE1E9GL,DELL,20240314,slta v (gp) l.l.c.,1,4449.0,110.75,10599.0
DELL X0QFBGE1E9GL,DELL,20240314,slta v (gp) l.l.c.,1,85.0,110.75,0
DH R735QTJ8XC9X,TGT,20240313,abney david p,0,1148.0,0,3871.0
DH R735QTJ8XC9X,TGT,20240313,baker douglas m jr,0,1148.0,0,37848.0
DH R735QTJ8XC9X,TGT,20240313,barrett george s,0,2024.0,0,15778.0
DH R735QTJ8XC9X,TGT,20240313,boudreaux gail,0,1873.0,0,5918.0
DH R735QTJ8XC9X,TGT,20240313,cornell brian c,0,27723.0,0,89509.0
DH R735QTJ8XC9X,TGT,20240313,cornell brian c,1,9308.0,165.87,61786.0
DH R735QTJ8XC9X,TGT,20240313,edwards robert l,0,1148.0,0,19757.0
DH R735QTJ8XC9X,TGT,20240313,fiddelke michael j,0,8517.0,0,62749.0
DH R735QTJ8XC9X,TGT,20240313,fiddelke michael j,1,1240.0,165.87,54232.0
DH R735QTJ8XC9X,TGT,20240313,hennington christina,0,5165.0,0,43087.0
DH R735QTJ8XC9X,TGT,20240313,hennington christina,1,688.0,165.87,37922.0
DH R735QTJ8XC9X,TGT,20240313,knauss donald r,0,1148.0,0,19757.0
DH R735QTJ8XC9X,TGT,20240313,kremer melissa k,0,4077.0,0,33527.0
DH R735QTJ8XC9X,TGT,20240313,kremer melissa k,1,775.0,165.87,29450.0
DH R735QTJ8XC9X,TGT,20240313,leahy christine a,0,1873.0,0,6859.0
DH R735QTJ8XC9X,TGT,20240313,liegel matthew a,0,4410.0,0,7873.0
DH R735QTJ8XC9X,TGT,20240313,liu don h,0,4893.0,0,31598.0
DH R735QTJ8XC9X,TGT,20240313,liu don h,1,1377.0,165.87,26705.0
DH R735QTJ8XC9X,TGT,20240313,lozano monica c,0,1148.0,0,17753.0
DH R735QTJ8XC9X,TGT,20240313,rice derica w,0,1873.0,0,8159.0
DH R735QTJ8XC9X,TGT,20240313,stockton dmitri l,0,1873.0,0,16389.0
DH R735QTJ8XC9X,TGT,20240313,whiteford grace puma,0,1148.0,0,4331.0
DH R735QTJ8XC9X,TGT,20240313,zabel matthew l,0,2447.0,0,14412.0
DH R735QTJ8XC9X,TGT,20240314,kremer melissa k,1,3000.0,165.05,30527.0
DK TICEJF11TWTH,DK,20240312,tolson laurie z.,1,603.0,26.43,10530.0
DMYI XKX38GCLV1WL,IONQ,20240314,kim jungsang,0,2000000.0,0,2000000.0
DMYI XKX38GCLV1WL,IONQ,20240314,kim jungsang,0,900000.0,0,900000.0
DMYI XKX38GCLV1WL,IONQ,20240314,kim jungsang,1,2900000.0,0,1019941.0
DPZ T0AJHPLNBYW5,DPZ,20240313,headen cynthia a,1,200.0,450.124,4671.111
DPZ T0AJHPLNBYW5,DPZ,20240313,headen cynthia a,1,240.0,451.1933,4431.111
DPZ T0AJHPLNBYW5,DPZ,20240313,headen cynthia a,1,245.0,452.3947,4186.111
DPZ T0AJHPLNBYW5,DPZ,20240313,headen cynthia a,1,83.0,453.2588,4103.111
DPZ T0AJHPLNBYW5,DPZ,20240313,morris kevin scott,1,517.0,453.395,4937.0
DT X6N3VNEHX84L,DT,20240315,mcconnell rick m,1,25000.0,46.2868,477105.0
DUOL XQHYFIZ1GYN9,DUOL,20240313,hacker severin,0,10000.0,0,10000.0
DUOL XQHYFIZ1GYN9,DUOL,20240313,hacker severin,1,10000.0,0,0
DXC WJE5W6H0VXPH,DXC,20240313,herzog david l,0,3455.0,0,54484.0
DXC WJE5W6H0VXPH,DXC,20240314,drumgoole christopher,1,10000.0,20.3267,214682.0
DXC WJE5W6H0VXPH,DXC,20240314,voci christopher anthony,1,1915.0,20.6,71436.0
DXC WJE5W6H0VXPH,DXC,20240314,voci christopher anthony,1,585.0,20.59,70851.0
ECL R735QTJ8XC9X,ECL,20240314,larson michael,0,2400.0,104.85,16117.24
ECL R735QTJ8XC9X,ECL,20240314,larson michael,1,1119.0,224.745,14998.24
EDR XO2BN7F0NTD1,EDR,20240312,emanuel ariel,1,20832.0,0,28422310.0
EDR XO2BN7F0NTD1,EDR,20240312,endeavor executive holdco llc,1,20832.0,0,28422310.0
EDR XO2BN7F0NTD1,EDR,20240312,lublin jason,0,20832.0,0,151019.0
EDR XO2BN7F0NTD1,EDR,20240312,lublin jason,0,20832.0,0,28814.0
EDR XO2BN7F0NTD1,EDR,20240312,lublin jason,1,20832.0,0,7982.0
EDR XO2BN7F0NTD1,EDR,20240312,lublin jason,1,20832.0,24.7109,130187.0
EDR XO2BN7F0NTD1,EDR,20240312,whitesell patrick,1,20832.0,0,28422310.0
EHTH TMRWYKAE84TH,EHTH,20240313,barbeau michelle marie,0,5625.0,0,221698.0
EHTH TMRWYKAE84TH,EHTH,20240313,dolan john joseph,0,6875.0,0,81860.0
EHTH TMRWYKAE84TH,EHTH,20240313,galimi gavin g.,0,12500.0,0,122624.0
EHTH TMRWYKAE84TH,EHTH,20240313,soistman francis s jr,0,137500.0,0,792222.0
ELY R735QTJ8XC9X,MODG,20240315,fleischer russell l,0,2067.0,0,66176.0
ELY R735QTJ8XC9X,MODG,20240315,ogunlesi adebayo o.,0,1977.0,0,100379.0
ELY R735QTJ8XC9X,MODG,20240315,rao varsha rajendra,0,1798.0,0,16893.0
ENPH V5C9T324VA05,ENPH,20240315,ranhoff david a,1,100.0,109.91,124948.0
ENPH V5C9T324VA05,ENPH,20240315,ranhoff david a,1,1230.0,108.1196,128718.0
ENPH V5C9T324VA05,ENPH,20240315,ranhoff david a,1,3670.0,109.1137,125048.0
ESAC XUATKITI3TYD,ZEO,20240313,jacobs mark m,0,80000.0,,80000.0
ESAC XUATKITI3TYD,ZEO,20240313,jacobs mark m,1,80000.0,,0
ETR R735QTJ8XC9X,ETR,20240314,rodriguez deanna d.,1,1500.0,101.23,3442.0
EVER WVQ8ICG5E739,EVER,20240313,blundin david b,1,1023.0,19.34,1736781.0
EVER WVQ8ICG5E739,EVER,20240313,blundin david b,1,26319.0,18.91,626324.0
EVER WVQ8ICG5E739,EVER,20240313,blundin david b,1,29631.0,18.91,705164.0
EVER WVQ8ICG5E739,EVER,20240313,blundin david b,1,3078.0,18.91,1737804.0
EVER WVQ8ICG5E739,EVER,20240313,blundin david b,1,8763.0,19.34,617561.0
EVER WVQ8ICG5E739,EVER,20240313,blundin david b,1,87737.0,19.39,1649044.0
EVER WVQ8ICG5E739,EVER,20240313,blundin david b,1,9866.0,19.34,695298.0
EVER WVQ8ICG5E739,EVER,20240313,link ventures lllp,1,1023.0,19.34,1736781.0
EVER WVQ8ICG5E739,EVER,20240313,link ventures lllp,1,3078.0,18.91,1737804.0
EVER WVQ8ICG5E739,EVER,20240313,link ventures lllp,1,87737.0,19.39,1649044.0
EVER WVQ8ICG5E739,EVER,20240314,blundin david b,1,33560.0,18.6,1615484.0
EVER WVQ8ICG5E739,EVER,20240314,link ventures lllp,1,33560.0,18.6,1615484.0
EXJF RVOCMVDZPLK5,HWBK,20240314,giles brent m,0,1224.0,19.506,5527.0
EXJF RVOCMVDZPLK5,HWBK,20240314,giles brent m,0,35.0,19.571,12312.0
EXJF RVOCMVDZPLK5,HWBK,20240314,hettinger shawna m.,0,500.0,19.4903,3103.0
EXPC X95P0920YMW5,BLDE,20240313,bacon seth j,1,1239.0,2.7649,343593.0
EXPC X95P0920YMW5,BLDE,20240313,cohen amir,1,3985.0,2.6246,99602.0
EXPC X95P0920YMW5,BLDE,20240313,cohen amir,1,4072.0,2.7649,103587.0
EXPC X95P0920YMW5,BLDE,20240313,heyburn william a.,1,27210.0,2.7649,1381652.0
EXPC X95P0920YMW5,BLDE,20240313,tomkiel melissa m.,1,26191.0,2.7649,1256179.0
EXPC X95P0920YMW5,BLDE,20240313,wiesenthal robert s,1,68387.0,2.7649,7241843.0
EXPC X95P0920YMW5,BLDE,20240314,bacon seth j,1,1212.0,2.6246,342381.0
EXPC X95P0920YMW5,BLDE,20240314,bacon seth j,1,180.0,3.94,342201.0
EXPC X95P0920YMW5,BLDE,20240314,heyburn william a.,0,25000.0,0.18,1380020.0
EXPC X95P0920YMW5,BLDE,20240314,heyburn william a.,1,26632.0,2.6246,1355020.0
EXPC X95P0920YMW5,BLDE,20240314,tomkiel melissa m.,1,25634.0,2.6246,1230545.0
EXPC X95P0920YMW5,BLDE,20240314,wiesenthal robert s,1,66932.0,2.6246,7174911.0
EXPC X95P0920YMW5,BLDE,20240315,tomkiel melissa m.,0,46487.0,0.18,1277032.0
EXPC X95P0920YMW5,BLDE,20240315,tomkiel melissa m.,0,9068.0,0.18,1286100.0
FARO R735QTJ8XC9X,FARO,20240313,horwath matthew,1,679.0,20.06,30248.0
FARO R735QTJ8XC9X,FARO,20240313,horwath matthew,1,99.0,20.06,30149.0
FARO R735QTJ8XC9X,FARO,20240313,sexton jeffrey d,1,1362.0,20.06,27706.0
FARO R735QTJ8XC9X,FARO,20240313,sexton jeffrey d,1,138.0,20.06,29068.0
FBNC R735QTJ8XC9X,FBNC,20240315,mclamb carlie c jr,0,306.0,33.84,31876.0
FBNC R735QTJ8XC9X,FBNC,20240315,mclamb carlie c jr,1,25.0,33.84,31570.0
FBNC R735QTJ8XC9X,FBNC,20240315,mclamb carlie c jr,1,281.0,33.84,19221.0
FES R735QTJ8XC9X,MTB,20240313,walters kirk w,0,10661.0,123.44,35212.0
FES R735QTJ8XC9X,MTB,20240313,walters kirk w,0,18184.0,125.85,24551.0
FES R735QTJ8XC9X,MTB,20240313,walters kirk w,1,28845.0,145.0,6367.0
FES R735QTJ8XC9X,MTB,20240314,geisel gary n,1,703.0,140.845,16459.0
FFIV RL97B90OK5ET,FFIV,20240312,erwin tami a.,0,5.0,0,5.0
FFIV RL97B90OK5ET,FFIV,20240313,budnik marianne,0,1770.0,0,2498.0
FFIV RL97B90OK5ET,FFIV,20240313,buse elizabeth,0,1770.0,0,5204.0
FFIV RL97B90OK5ET,FFIV,20240313,combes michel,0,741.0,0,3562.0
FFIV RL97B90OK5ET,FFIV,20240313,dreyer michael l,0,1770.0,0,7117.0
FFIV RL97B90OK5ET,FFIV,20240313,erwin tami a.,0,599.0,0,604.0
FFIV RL97B90OK5ET,FFIV,20240313,higginson alan,0,1770.0,0,11707.0
FFIV RL97B90OK5ET,FFIV,20240313,klein peter s,0,1770.0,0,13024.0
FFIV RL97B90OK5ET,FFIV,20240313,mehta nikhil ramesh,0,1770.0,0,8800.0
FFIV RL97B90OK5ET,FFIV,20240313,montoya michael f,0,1770.0,0,4252.0
FFIV RL97B90OK5ET,FFIV,20240313,shivananda sripada,0,1770.0,0,6172.0
FLIC R735QTJ8XC9X,FLIC,20240315,haye edward j.,0,490.0,0,7750.0
FLT USGI91RMTXET,FLT,20240312,vickery alissa b,1,38.0,293.52,1847.0
FPTB SHF51776JE5H,BANC,20240314,lashley richard j,0,7500.0,14.475,2485643.0
FRSH XS040O3BOGH1,FRSH,20240313,sloat tyler,0,23759.0,0,944738.0
FRSH XS040O3BOGH1,FRSH,20240313,sloat tyler,1,23759.0,18.74,920979.0
FSCO Y3HNRXQ7TBVP,FSCO,20240313,bethel keith,0,2500.0,5.799,2500.0
FSCO Y3HNRXQ7TBVP,FSCO,20240313,bethel keith,0,6500.0,5.7971,11500.0
FUNC R735QTJ8XC9X,FUNC,20240313,fisher robert l. ii,1,1521.0,0,10610.0
FUNC R735QTJ8XC9X,FUNC,20240313,rodeheaver carissa lynn,1,2200.0,0,40185.7238
FUNC R735QTJ8XC9X,FUNC,20240313,rush jason barry,1,1393.0,0,20445.2481
FUNC R735QTJ8XC9X,FUNC,20240313,sanders keith,1,1116.0,0,12011.8195
FUNC R735QTJ8XC9X,FUNC,20240313,sturm tonya k.,1,1159.0,0,7652.607
FUNC R735QTJ8XC9X,FUNC,20240315,fisher robert l. ii,0,526.0,0,11136.0
FUNC R735QTJ8XC9X,FUNC,20240315,fisher robert l. ii,1,202.0,21.91,10934.0
FUNC R735QTJ8XC9X,FUNC,20240315,rodeheaver carissa lynn,0,764.0,0,40949.7238
FUNC R735QTJ8XC9X,FUNC,20240315,rush jason barry,0,502.0,0,20947.2481
FUNC R735QTJ8XC9X,FUNC,20240315,sanders keith,0,420.0,0,12431.8195
FUNC R735QTJ8XC9X,FUNC,20240315,sturm tonya k.,0,427.0,0,8079.607
FUNC R735QTJ8XC9X,FUNC,20240315,sturm tonya k.,1,163.0,21.91,7916.607
FWBI R735QTJ8XC9X,FWBI,20240313,khosla chaitan phd,0,440.0,,440.0
FWBI R735QTJ8XC9X,FWBI,20240313,syage jack,0,15400.0,,15400.0
FWRG XS8Z1IDUD8X1,FWRG,20240314,eisenacher matthew,1,3770.0,24.28,30906.0
G TUSEXYGUN6UD,G,20240313,dewan sameer,0,56969.0,0,111844.0
G TUSEXYGUN6UD,G,20240313,kalra balkrishan,0,96848.0,0,283404.0
G TUSEXYGUN6UD,G,20240313,klunk donald j,0,3699.0,0,10689.0
G TUSEXYGUN6UD,G,20240313,mehta piyush,0,68659.0,0,162702.0
G TUSEXYGUN6UD,G,20240313,nanduru anil,0,58301.0,0,124755.0
G TUSEXYGUN6UD,G,20240313,vashisht riju,0,58301.0,0,152449.0
G TUSEXYGUN6UD,G,20240313,weiner michael hal,0,79017.0,0,165813.0
G TUSEXYGUN6UD,G,20240313,white heather,0,41284.0,0,62667.0
GBOX XM4EWKG188YT,RVYL,20240313,errez ben,1,244.0,3.94,2030713.0
GBOX XM4EWKG188YT,RVYL,20240313,nisan fredi,1,137.0,3.94,2030248.0
GEHC Y4VVKPDTPT2D,GEHC,20240315,general electric co,1,14000000.0,,32631302.0
GENK Y9N7CZ1712ZP,GENK,20240313,chang jae,0,2000.0,6.5,4397.0
GENK Y9N7CZ1712ZP,GENK,20240313,kim david wook jin,0,1500.0,6.65,117093.0
GENK Y9N7CZ1712ZP,GENK,20240313,kim don,0,1500.0,6.65,117093.0
GENK Y9N7CZ1712ZP,GENK,20240313,manzanarez jose,0,1500.0,6.65,117093.0
GENK Y9N7CZ1712ZP,GENK,20240313,wang lauren,0,1500.0,6.65,117093.0
GENK Y9N7CZ1712ZP,GENK,20240314,croal thomas,0,1000.0,7.65,1000.0
GENK Y9N7CZ1712ZP,GENK,20240314,kim david wook jin,0,1000.0,7.35,124093.0
GENK Y9N7CZ1712ZP,GENK,20240314,kim david wook jin,0,1000.0,7.4,123093.0
GENK Y9N7CZ1712ZP,GENK,20240314,kim david wook jin,0,5000.0,7.45,122093.0
GENK Y9N7CZ1712ZP,GENK,20240314,kim don,0,1000.0,7.35,124093.0
GENK Y9N7CZ1712ZP,GENK,20240314,kim don,0,1000.0,7.4,123093.0
GENK Y9N7CZ1712ZP,GENK,20240314,kim don,0,5000.0,7.45,122093.0
GENK Y9N7CZ1712ZP,GENK,20240314,manzanarez jose,0,1000.0,7.35,124093.0
GENK Y9N7CZ1712ZP,GENK,20240314,manzanarez jose,0,1000.0,7.4,123093.0
GENK Y9N7CZ1712ZP,GENK,20240314,manzanarez jose,0,5000.0,7.45,122093.0
GENK Y9N7CZ1712ZP,GENK,20240314,wang lauren,0,1000.0,7.35,124093.0
GENK Y9N7CZ1712ZP,GENK,20240314,wang lauren,0,1000.0,7.4,123093.0
GENK Y9N7CZ1712ZP,GENK,20240314,wang lauren,0,5000.0,7.45,122093.0
GGG R735QTJ8XC9X,GGG,20240315,johnson dale d,0,63510.0,23.8467,223124.6976
GGG R735QTJ8XC9X,GGG,20240315,johnson dale d,1,63510.0,93.6954,159614.6976
GIG XNAR4L6AIOV9,BBAI,20240313,bbai ultimate holdings llc,1,4777012.0,2.53,152437679.0
GIG XNAR4L6AIOV9,BBAI,20240314,bbai ultimate holdings llc,1,8009447.0,2.55,144428232.0
GPRE TGZ66QQM06SL,GPRE,20240313,becker todd a,0,92553.0,23.23,794423.0
GPRE TGZ66QQM06SL,GPRE,20240313,herbert james f ii,0,12915.0,23.23,23855.0
GPRE TGZ66QQM06SL,GPRE,20240313,kadavy grant d,0,17220.0,23.23,32690.0
GPRE TGZ66QQM06SL,GPRE,20240313,mapes michelle,0,12915.0,23.23,48908.0
GPRE TGZ66QQM06SL,GPRE,20240313,osowski chris,0,13991.0,23.23,27030.0
GPRE TGZ66QQM06SL,GPRE,20240313,simpkins g patrich jr,0,11516.0,23.23,224433.0
GPRE TGZ66QQM06SL,GPRE,20240313,stark james e,0,15067.0,23.23,32370.0
GPRE TGZ66QQM06SL,GPRE,20240313,van der meulen leslie,0,15067.0,23.23,51812.0
GPS R735QTJ8XC9X,GPS,20140313,o'connell katrina,0,25000.0,0,25000.0
GPS R735QTJ8XC9X,GPS,20240313,barbeito horacio,0,32142.0,0,32476.472
GPS R735QTJ8XC9X,GPS,20240313,barbeito horacio,1,8836.0,22.92,23640.472
GPS R735QTJ8XC9X,GPS,20240313,breitbard mark,0,25000.0,0,148985.0
GPS R735QTJ8XC9X,GPS,20240313,breitbard mark,1,8919.0,22.92,140066.0
GPS R735QTJ8XC9X,GPS,20240313,gilligan sarah,0,10714.0,0,10714.0
GPS R735QTJ8XC9X,GPS,20240313,gilligan sarah,0,35714.0,0,42617.0
GPS R735QTJ8XC9X,GPS,20240313,gilligan sarah,1,13192.0,22.92,29425.0
GPS R735QTJ8XC9X,GPS,20240313,gilligan sarah,1,3811.0,22.92,6903.0
GPS R735QTJ8XC9X,GPS,20240313,gruber julie,0,15178.0,0,16561.9997
GPS R735QTJ8XC9X,GPS,20240313,gruber julie,0,31250.0,0,42387.9997
GPS R735QTJ8XC9X,GPS,20240313,gruber julie,1,11619.0,22.92,30768.9997
GPS R735QTJ8XC9X,GPS,20240313,gruber julie,1,5424.0,22.92,11137.9997
GPS R735QTJ8XC9X,GPS,20240313,o'connell katrina,0,53571.0,0,69652.0
GPS R735QTJ8XC9X,GPS,20240313,o'connell katrina,1,24386.0,22.92,45266.0
GPS R735QTJ8XC9X,GPS,20240313,o'connell katrina,1,8919.0,22.92,16081.0
GPS R735QTJ8XC9X,GPS,20240313,singh gurmeet,0,21428.0,0,111525.0
GPS R735QTJ8XC9X,GPS,20240313,singh gurmeet,1,5214.0,22.92,106311.0
GPS R735QTJ8XC9X,GPS,20240313,stangl sandra,0,23214.0,0,66615.0
GPS R735QTJ8XC9X,GPS,20240313,stangl sandra,0,39285.0,0,97618.0
GPS R735QTJ8XC9X,GPS,20240313,stangl sandra,1,16856.0,22.92,80762.0
GPS R735QTJ8XC9X,GPS,20240313,stangl sandra,1,8282.0,22.92,58333.0
GPS R735QTJ8XC9X,GPS,20240314,breitbard mark,0,12036.0,0,152102.0
GPS R735QTJ8XC9X,GPS,20240314,gilligan sarah,0,3439.0,0,3439.0
GPS R735QTJ8XC9X,GPS,20240314,gilligan sarah,1,1742.0,23.0,1697.0
GPS R735QTJ8XC9X,GPS,20240314,gilligan sarah,1,29425.0,22.5841,0
GPS R735QTJ8XC9X,GPS,20240314,gruber julie,0,5588.0,0,36356.9997
GPS R735QTJ8XC9X,GPS,20240314,gruber julie,1,2835.0,23.0,33521.9997
GPS R735QTJ8XC9X,GPS,20240314,o'connell katrina,0,12036.0,0,12036.0
GPS R735QTJ8XC9X,GPS,20240314,o'connell katrina,1,45266.0,22.5844,0
GPS R735QTJ8XC9X,GPS,20240314,o'connell katrina,1,6099.0,23.0,5937.0
GPS R735QTJ8XC9X,GPS,20240314,stangl sandra,0,8597.0,0,89359.0
GPS R735QTJ8XC9X,GPS,20240314,stangl sandra,1,4356.0,23.0,85003.0
GRMN S0DPIYB0VD5X,GRMN,20240313,burrell jonathan,0,33000.0,0,266400.0
GRMN S0DPIYB0VD5X,GRMN,20240313,burrell jonathan,0,694000.0,0,7522947.0
GRMN S0DPIYB0VD5X,GRMN,20240313,burrell jonathan,1,15000.0,148.8893,653834.0
GRMN S0DPIYB0VD5X,GRMN,20240313,burrell jonathan,1,33000.0,0,63600.0
GRMN S0DPIYB0VD5X,GRMN,20240313,burrell jonathan,1,694000.0,0,374200.0
GRMN S0DPIYB0VD5X,GRMN,20240314,burrell jonathan,0,321500.0,0,695700.0
GRMN S0DPIYB0VD5X,GRMN,20240314,burrell jonathan,1,15000.0,147.4856,638834.0
GRMN S0DPIYB0VD5X,GRMN,20240314,burrell jonathan,1,321500.0,0,7201447.0
GRMN S0DPIYB0VD5X,GRMN,20240315,burrell jonathan,0,694000.0,0,7895447.0
GRMN S0DPIYB0VD5X,GRMN,20240315,burrell jonathan,1,15000.0,146.1521,623834.0
GRMN S0DPIYB0VD5X,GRMN,20240315,burrell jonathan,1,694000.0,0,1700.0
GSAT TNBLWFLRR811,GSAT,20240313,lynch james f,0,660000.0,1.455,12340720.0
GTLB XSNQQWVDIKBP,GTLB,20240313,mannix erin,0,9880.0,0,77250.0
H UHDQ76M9UDET,H,20240313,f.l.p. trust #14,0,1283000.0,,1283000.0
H UHDQ76M9UDET,H,20240313,f.l.p. trust #14,1,1283000.0,155.9593,0
H UHDQ76M9UDET,H,20240313,ghhc l.l.c.,0,1283000.0,,1283000.0
H UHDQ76M9UDET,H,20240313,ghhc l.l.c.,1,1283000.0,155.9593,0
H UHDQ76M9UDET,H,20240313,pucker gigi pritzker,0,1283000.0,,1283000.0
H UHDQ76M9UDET,H,20240313,pucker gigi pritzker,1,1283000.0,155.9593,0
HANS R735QTJ8XC9X,MNST,20240312,carling guy,0,1120.0,,1120.0
HANS R735QTJ8XC9X,MNST,20240312,carling guy,1,538.0,59.82,582.0
HANS R735QTJ8XC9X,MNST,20240312,kelly thomas j,0,934.0,,60990.0
HANS R735QTJ8XC9X,MNST,20240312,kelly thomas j,1,474.0,59.82,60516.0
HANS R735QTJ8XC9X,MNST,20240312,sacks rodney c,0,25268.0,,964425.0
HANS R735QTJ8XC9X,MNST,20240312,sacks rodney c,1,12806.0,59.82,951619.0
HANS R735QTJ8XC9X,MNST,20240312,schlosberg hilton h,0,25268.0,,1984881.0
HANS R735QTJ8XC9X,MNST,20240312,schlosberg hilton h,1,12806.0,59.82,1972075.0
HANS R735QTJ8XC9X,MNST,20240312,tirre emelie,0,1120.0,,61533.0
HANS R735QTJ8XC9X,MNST,20240312,tirre emelie,1,568.0,59.82,60965.0
HANS R735QTJ8XC9X,MNST,20240313,carling guy,0,3500.0,,4082.0
HANS R735QTJ8XC9X,MNST,20240313,carling guy,1,1680.0,60.85,2402.0
HANS R735QTJ8XC9X,MNST,20240313,hall mark j,0,3500.0,,781340.0
HANS R735QTJ8XC9X,MNST,20240313,hall mark j,1,1500.0,60.85,779840.0
HANS R735QTJ8XC9X,MNST,20240313,sacks rodney c,0,62331.0,0,341643.0
HANS R735QTJ8XC9X,MNST,20240313,sacks rodney c,1,106868.0,0,0
HANS R735QTJ8XC9X,MNST,20240313,sacks rodney c,1,218570.0,0,0
HANS R735QTJ8XC9X,MNST,20240313,sacks rodney c,1,462512.0,0,0
HANS R735QTJ8XC9X,MNST,20240313,sacks rodney c,1,579956.0,0,0
HANS R735QTJ8XC9X,MNST,20240313,sacks rodney c,1,647400.0,0,0
HANS R735QTJ8XC9X,MNST,20240313,sacks rodney c,1,672307.0,0,279312.0
HANS R735QTJ8XC9X,MNST,20240313,sacks rodney c,1,673544.0,0,0
HANS R735QTJ8XC9X,MNST,20240313,sacks rodney c,1,729272.0,0,0
HANS R735QTJ8XC9X,MNST,20240313,sacks rodney c,1,771392.0,0,0
HANS R735QTJ8XC9X,MNST,20240313,schlosberg hilton h,0,62331.0,0,1794281.0
HANS R735QTJ8XC9X,MNST,20240313,schlosberg hilton h,1,106868.0,0,0
HANS R735QTJ8XC9X,MNST,20240313,schlosberg hilton h,1,218570.0,0,0
HANS R735QTJ8XC9X,MNST,20240313,schlosberg hilton h,1,240125.0,0,1731950.0
HANS R735QTJ8XC9X,MNST,20240313,schlosberg hilton h,1,252.0,0,1793356.0
HANS R735QTJ8XC9X,MNST,20240313,schlosberg hilton h,1,462512.0,0,0
HANS R735QTJ8XC9X,MNST,20240313,schlosberg hilton h,1,579956.0,0,0
HANS R735QTJ8XC9X,MNST,20240313,schlosberg hilton h,1,647400.0,0,0
HANS R735QTJ8XC9X,MNST,20240313,schlosberg hilton h,1,673.0,0,1793608.0
HANS R735QTJ8XC9X,MNST,20240313,schlosberg hilton h,1,673544.0,0,0
HANS R735QTJ8XC9X,MNST,20240313,schlosberg hilton h,1,729272.0,0,0
HANS R735QTJ8XC9X,MNST,20240313,schlosberg hilton h,1,771392.0,0,0
HANS R735QTJ8XC9X,MNST,20240313,tirre emelie,0,3500.0,,64465.0
HANS R735QTJ8XC9X,MNST,20240313,tirre emelie,1,1774.0,60.85,62691.0
HANS R735QTJ8XC9X,MNST,20240314,carling guy,0,14672.0,0,24894.0
HANS R735QTJ8XC9X,MNST,20240314,carling guy,0,2040.0,,9542.0
HANS R735QTJ8XC9X,MNST,20240314,carling guy,0,5100.0,,7502.0
HANS R735QTJ8XC9X,MNST,20240314,carling guy,0,680.0,,10222.0
HANS R735QTJ8XC9X,MNST,20240314,carling guy,1,10798.0,60.3,14096.0
HANS R735QTJ8XC9X,MNST,20240314,hall mark j,0,5100.0,,784940.0
HANS R735QTJ8XC9X,MNST,20240314,hall mark j,1,2186.0,60.3,782754.0
HANS R735QTJ8XC9X,MNST,20240314,kelly thomas j,0,1132.0,,61648.0
HANS R735QTJ8XC9X,MNST,20240314,kelly thomas j,0,2000.0,,63648.0
HANS R735QTJ8XC9X,MNST,20240314,kelly thomas j,0,7336.0,0,70984.0
HANS R735QTJ8XC9X,MNST,20240314,kelly thomas j,1,5306.0,60.3,65678.0
HANS R735QTJ8XC9X,MNST,20240314,sacks rodney c,0,198858.0,0,593767.0
HANS R735QTJ8XC9X,MNST,20240314,sacks rodney c,0,22532.0,,394909.0
HANS R735QTJ8XC9X,MNST,20240314,sacks rodney c,0,30734.0,,372377.0
HANS R735QTJ8XC9X,MNST,20240314,sacks rodney c,1,127778.0,60.3,465989.0
HANS R735QTJ8XC9X,MNST,20240314,schlosberg hilton h,0,198858.0,0,2045480.0
HANS R735QTJ8XC9X,MNST,20240314,schlosberg hilton h,0,22532.0,,1846622.0
HANS R735QTJ8XC9X,MNST,20240314,schlosberg hilton h,0,30734.0,,1824090.0
HANS R735QTJ8XC9X,MNST,20240314,schlosberg hilton h,1,127778.0,60.3,1917702.0
HANS R735QTJ8XC9X,MNST,20240314,tirre emelie,0,14672.0,0,85183.0
HANS R735QTJ8XC9X,MNST,20240314,tirre emelie,0,2040.0,,69831.0
HANS R735QTJ8XC9X,MNST,20240314,tirre emelie,0,5100.0,,67791.0
HANS R735QTJ8XC9X,MNST,20240314,tirre emelie,0,680.0,,70511.0
HANS R735QTJ8XC9X,MNST,20240314,tirre emelie,1,11400.0,60.3,73783.0
HIG R735QTJ8XC9X,HIG,20240313,fisher michael r,0,17348.0,55.27,45910.031
HIG R735QTJ8XC9X,HIG,20240313,fisher michael r,0,18481.0,51.87,28562.031
HIG R735QTJ8XC9X,HIG,20240313,fisher michael r,1,13240.0,98.934,32670.031
HIG R735QTJ8XC9X,HIG,20240313,fisher michael r,1,13764.0,98.8678,18906.031
HOLX R735QTJ8XC9X,HOLX,20240314,garrett scott t,0,7402.0,36.04,65052.0
HOLX R735QTJ8XC9X,HOLX,20240314,garrett scott t,0,9039.0,26.74,57650.0
HOLX R735QTJ8XC9X,HOLX,20240314,garrett scott t,1,16441.0,75.5,48611.0
HTZ TNPE5QQ4TS9X,HRI,20240313,humphrey mark,1,125.0,158.65,26785.0
HTZ TNPE5QQ4TS9X,HRI,20240313,schumacher mark alan,1,33.0,158.65,3441.0
HYH VV9PLPU5EI5H,AVNS,20240314,greiner michael,1,110.0,19.16,151495.0
HYH VV9PLPU5EI5H,AVNS,20240314,greiner michael,1,2231.0,19.13,152750.0
HYH VV9PLPU5EI5H,AVNS,20240314,greiner michael,1,337.0,19.14,152413.0
HYH VV9PLPU5EI5H,AVNS,20240314,greiner michael,1,3800.0,19.11,155695.0
HYH VV9PLPU5EI5H,AVNS,20240314,greiner michael,1,714.0,19.12,154981.0
HYH VV9PLPU5EI5H,AVNS,20240314,greiner michael,1,808.0,19.15,151605.0
IAAC R735QTJ8XC9X,SNEX,20240313,branch scott j,1,7500.0,67.2929,512434.0
ICUI R735QTJ8XC9X,ICUI,20240315,woolson daniel,1,791.0,98.2715,13980.0
IEE R7RRX5OGU7AD,IESC,20240314,simmes matthew j,1,3600.0,101.96,87510.0
IEE R7RRX5OGU7AD,IESC,20240314,simmes matthew j,1,400.0,102.76,87110.0
IGMS X7YDC4YLLFTX,IGMS,20240313,decker lisa lynn,1,1798.0,9.8752,62584.0
IGMS X7YDC4YLLFTX,IGMS,20240313,keyt bruce,1,2101.0,9.8752,173700.0
IGMS X7YDC4YLLFTX,IGMS,20240313,schwarzer fred,1,4765.0,9.8752,220833.0
IGMS X7YDC4YLLFTX,IGMS,20240313,tahir misbah,1,2897.0,9.8752,92961.0
IGMS X7YDC4YLLFTX,IGMS,20240313,takimoto chris h,1,2889.0,9.8752,96923.0
IGMS X7YDC4YLLFTX,IGMS,20240313,weber steven,1,529.0,9.8752,26971.0
IGMS X7YDC4YLLFTX,IGMS,20240314,decker lisa lynn,1,1578.0,10.1705,61006.0
IGMS X7YDC4YLLFTX,IGMS,20240314,keyt bruce,1,1844.0,10.1705,171856.0
IGMS X7YDC4YLLFTX,IGMS,20240314,schwarzer fred,1,4182.0,10.1705,216651.0
IGMS X7YDC4YLLFTX,IGMS,20240314,tahir misbah,1,2543.0,10.1705,90418.0
IGMS X7YDC4YLLFTX,IGMS,20240314,takimoto chris h,1,2535.0,10.1705,94388.0
IGMS X7YDC4YLLFTX,IGMS,20240314,weber steven,1,464.0,10.1705,26507.0
IMAXF R735QTJ8XC9X,IMAX,20240314,lister robert d,1,25000.0,16.873,138889.0
IMMR RPNQAAWUVM91,IMMR,20240313,nader elias,1,13000.0,8.2202,29266.0
INSW WG11WOH9H4YT,INSW,20240313,pribor jeffrey,1,16000.0,51.5852,67956.0
INSW WG11WOH9H4YT,INSW,20240313,qureshi nadim z,1,5297.0,51.7692,19801.0
INSW WG11WOH9H4YT,INSW,20240314,day randee e,1,2706.0,52.395,20045.0
INSW WG11WOH9H4YT,INSW,20240314,wheat douglas d,1,3846.0,51.2246,26056.0
ITUS W22VWZX6GD45,ANIX,20240315,baskies arnold m,0,10000.0,3.63,110000.0
ITUS W22VWZX6GD45,ANIX,20240315,kumar amit,0,30000.0,3.22,491925.0
IVCR R735QTJ8XC9X,IVC,20240313,davidson kempner capital management lp,0,1404736.0,,2122386.0
JFAX RMLG7TXYB49X,ZD,20240313,rossen jeremy,0,191.0,0,10561.0
JFAX RMLG7TXYB49X,ZD,20240313,rossen jeremy,1,354.0,66.6,10138.0
JFAX RMLG7TXYB49X,ZD,20240313,rossen jeremy,1,69.0,66.6,10492.0
KEQU R735QTJ8XC9X,KEQU,20240314,ranade mandar,1,3000.0,30.85,9175.0
KNGT R735QTJ8XC9X,KNX,20240313,carlson todd f.,0,5558.0,,63708.0
KNGT R735QTJ8XC9X,KNX,20240313,carlson todd f.,1,2410.0,57.38,61298.0
KNGT R735QTJ8XC9X,KNX,20240313,knight gary j,0,7410.0,,7410.0
KNGT R735QTJ8XC9X,KNX,20240313,knight gary j,1,3657.0,57.38,3753.0
KNGT R735QTJ8XC9X,KNX,20240313,knight kevin p,0,27791.0,,41222.0
KNGT R735QTJ8XC9X,KNX,20240313,knight kevin p,1,11443.0,57.38,29779.0
KNGT R735QTJ8XC9X,KNX,20240313,miller adam w,0,16674.0,,158910.0
KNGT R735QTJ8XC9X,KNX,20240313,miller adam w,1,7229.0,57.38,151681.0
KO R735QTJ8XC9X,KO,20240313,quan nancy,0,37368.0,41.885,280698.0
KO R735QTJ8XC9X,KO,20240313,quan nancy,1,57368.0,60.8721,223330.0
KOPN R735QTJ8XC9X,KOPN,20240314,baker paul christopher,1,3587.0,0,314596.0
KOPN R735QTJ8XC9X,KOPN,20240314,murray michael andrew,1,5155.0,0,1126507.0
KOPN R735QTJ8XC9X,KOPN,20240314,sneider richard,1,3980.0,0,461460.0
KSS R735QTJ8XC9X,KSS,20240314,raymond christie,1,3204.0,25.36,186530.0
KYMR XH76FQLNGG2T,KYMR,20240314,booth bruce,1,10846.0,40.66,4630756.0
KYMR XH76FQLNGG2T,KYMR,20240314,booth bruce,1,154.0,41.51,819151.0
KYMR XH76FQLNGG2T,KYMR,20240314,booth bruce,1,2233.0,40.66,819305.0
KYMR XH76FQLNGG2T,KYMR,20240314,booth bruce,1,34473.0,39.73,4641602.0
KYMR XH76FQLNGG2T,KYMR,20240314,booth bruce,1,7292.0,39.73,821538.0
KYMR XH76FQLNGG2T,KYMR,20240314,booth bruce,1,781.0,41.51,4629975.0
KYMR XH76FQLNGG2T,KYMR,20240315,booth bruce,1,10411.0,40.62,807026.0
KYMR XH76FQLNGG2T,KYMR,20240315,booth bruce,1,1593.0,41.23,4570665.0
KYMR XH76FQLNGG2T,KYMR,20240315,booth bruce,1,1714.0,39.31,817437.0
KYMR XH76FQLNGG2T,KYMR,20240315,booth bruce,1,329.0,41.23,806697.0
KYMR XH76FQLNGG2T,KYMR,20240315,booth bruce,1,49591.0,40.62,4572258.0
KYMR XH76FQLNGG2T,KYMR,20240315,booth bruce,1,8126.0,39.31,4621849.0
LCY XJVO8WG6YDT1,HLMN,20240314,adinolfi jon michael,1,110000.0,9.806,659889.0
LESL XJ34A6UAQI5H,LESL,20240314,daniel yolanda,0,10357.0,0,26015.0
LESL XJ34A6UAQI5H,LESL,20240314,estep jonathan s,0,7480.0,0,7480.0
LESL XJ34A6UAQI5H,LESL,20240314,kufel eric j,0,10357.0,0,10357.0
LESL XJ34A6UAQI5H,LESL,20240314,ofarrell susan c,0,10357.0,0,26015.0
LESL XJ34A6UAQI5H,LESL,20240314,ortega steven l,0,10357.0,0,373494.0
LESL XJ34A6UAQI5H,LESL,20240314,spofford claire,0,10357.0,0,16207.0
LESL XJ34A6UAQI5H,LESL,20240314,strain john,0,10357.0,0,88678.0
LIII XNSH69RBW9R9,LOCL,20240313,nelson mark joseph,1,447.0,2.5937,31048.0
LIPO Y4H3VAWAKHNP,LIPO,20240313,chancellor michael b,0,144906.0,0.6901,877637.0
LIPO Y4H3VAWAKHNP,LIPO,20240313,kaufman jonathan h,0,144906.0,0.6901,833849.0
LLNW TTA9CTCKFP0L,EGIO,20240312,chang eric,1,891.0,8.16,2851.0
LMFAU W4Y9UTBWHKYT,LMFA,20240313,duran ryan h,1,500.0,3.26,22818.0
LXFR VAGEEKGP6D0L,LXFR,20240313,butcher andrew,0,1743.0,,127752.0
LXFR VAGEEKGP6D0L,LXFR,20240313,butcher andrew,0,2228.0,,127273.0
LXFR VAGEEKGP6D0L,LXFR,20240313,butcher andrew,1,1264.0,10.17,126009.0
LXFR VAGEEKGP6D0L,LXFR,20240313,butcher andrew,1,989.0,10.17,126763.0
LXFR VAGEEKGP6D0L,LXFR,20240313,gibbons peter,0,483.0,,17528.0
LXFR VAGEEKGP6D0L,LXFR,20240313,gibbons peter,0,618.0,,17299.0
LXFR VAGEEKGP6D0L,LXFR,20240313,gibbons peter,1,199.0,10.17,17329.0
LXFR VAGEEKGP6D0L,LXFR,20240313,gibbons peter,1,254.0,10.17,17045.0
LXFR VAGEEKGP6D0L,LXFR,20240313,glise megan elizabeth,0,864.0,,4904.0
LXFR VAGEEKGP6D0L,LXFR,20240313,glise megan elizabeth,1,358.0,10.17,4546.0
LXFR VAGEEKGP6D0L,LXFR,20240313,mead howard ioan,0,864.0,,5704.0
LXFR VAGEEKGP6D0L,LXFR,20240313,mead howard ioan,1,376.0,10.17,5328.0
LXFR VAGEEKGP6D0L,LXFR,20240313,moorefield jeffrey c.,0,1239.0,,7054.0
LXFR VAGEEKGP6D0L,LXFR,20240313,moorefield jeffrey c.,0,968.0,,7509.0
LXFR VAGEEKGP6D0L,LXFR,20240313,moorefield jeffrey c.,1,401.0,10.17,7108.0
LXFR VAGEEKGP6D0L,LXFR,20240313,moorefield jeffrey c.,1,513.0,10.17,6541.0
LXFR VAGEEKGP6D0L,LXFR,20240314,butcher andrew,0,6783.0,,133546.0
LXFR VAGEEKGP6D0L,LXFR,20240314,butcher andrew,1,3845.0,10.26,129701.0
LXFR VAGEEKGP6D0L,LXFR,20240314,gibbons peter,0,431.0,,17760.0
LXFR VAGEEKGP6D0L,LXFR,20240314,gibbons peter,1,177.0,10.26,17583.0
LXFR VAGEEKGP6D0L,LXFR,20240314,glise megan elizabeth,0,431.0,,4977.0
LXFR VAGEEKGP6D0L,LXFR,20240314,glise megan elizabeth,1,178.0,10.26,4799.0
LXFR VAGEEKGP6D0L,LXFR,20240314,mead howard ioan,0,810.0,,6138.0
LXFR VAGEEKGP6D0L,LXFR,20240314,mead howard ioan,1,352.0,10.26,5786.0
LXFR VAGEEKGP6D0L,LXFR,20240314,moorefield jeffrey c.,0,431.0,,7539.0
LXFR VAGEEKGP6D0L,LXFR,20240314,moorefield jeffrey c.,1,178.0,10.26,7361.0
MAIA Y0IC1QUTH3DX,MAIA,20240314,guerrero ramiro,0,6928.0,1.17,319600.04
MAIA Y0IC1QUTH3DX,MAIA,20240314,louie ngar yee,0,170940.0,1.17,1147524.0
MAIA Y0IC1QUTH3DX,MAIA,20240314,luput cristian,0,69282.0,1.17,367350.0
MAIA Y0IC1QUTH3DX,MAIA,20240314,smith stan,0,170940.0,1.17,857568.0
MBC V70C2SDFJASL,MBC,20240313,banyard r david,0,122836.0,17.91,1298736.0
MBC V70C2SDFJASL,MBC,20240313,grewal navneet,0,20240.0,17.91,169008.0
MBC V70C2SDFJASL,MBC,20240313,horton andrean,0,18146.0,17.91,141133.0
MBC V70C2SDFJASL,MBC,20240313,kendrick bruce alan,0,13959.0,17.91,175706.0
MBC V70C2SDFJASL,MBC,20240313,simon andrea helen,0,30709.0,17.91,296560.0
MBC V70C2SDFJASL,MBC,20240313,wanninger kurt,0,13959.0,17.91,230754.0
MBC V70C2SDFJASL,MBC,20240313,young mark a.,0,9771.0,17.91,51165.0
MDB WOU3US9M42N9,MDB,20240313,botha roelof,1,13999.0,371.45,228792.0
MDB WOU3US9M42N9,MDB,20240313,botha roelof,1,1722.0,370.48,242791.0
MDB WOU3US9M42N9,MDB,20240313,botha roelof,1,2500.0,374.27,217813.0
MDB WOU3US9M42N9,MDB,20240313,botha roelof,1,300.0,375.13,217513.0
MDB WOU3US9M42N9,MDB,20240313,botha roelof,1,3543.0,373.46,220313.0
MDB WOU3US9M42N9,MDB,20240313,botha roelof,1,4936.0,372.15,223856.0
MDC R735QTJ8XC9X,MDC,20240315,blackford david e,1,318.0,0,13216.0
MDRR WZL2JJ0Y6KPX,MDRR,20240314,winn charles brent jr.,0,205.0,5.65,64149.0
MDRR WZL2JJ0Y6KPX,MDRR,20240314,winn charles brent jr.,0,484.0,5.75,64633.0
MDRR WZL2JJ0Y6KPX,MDRR,20240315,winn charles brent jr.,0,1311.0,5.85,65944.0
MDXG VG19LN34S9R9,MDXG,20240313,hulse william frank iv,1,20381.0,7.95,479959.0
MED SKOB8BQ9N691,MED,20240313,chard daniel r,0,45087.0,0,103230.0
MED SKOB8BQ9N691,MED,20240313,mackenzie jonathan barrett,0,2565.0,0,4051.0
MED SKOB8BQ9N691,MED,20240313,maloney james p.,0,8718.0,0,20150.0
MG UGM5OKDJP8X1,MG,20240313,debenedictis nicholas,0,6279.0,0,201806.0
MG UGM5OKDJP8X1,MG,20240313,forese james j,0,6279.0,0,150029.0
MG UGM5OKDJP8X1,MG,20240313,glanton richard h,0,6279.0,0,63117.0
MG UGM5OKDJP8X1,MG,20240313,lohmeier michelle,0,6279.0,0,72209.0
MG UGM5OKDJP8X1,MG,20240313,pizzi charles p,0,6279.0,0,48616.0
MLM R735QTJ8XC9X,MLM,20240314,bar roselyn r,1,10000.0,603.29,59970.0
MMSI R735QTJ8XC9X,MMSI,20240314,lloyd brian g.,1,1180.0,0,24602.0
MNCL X2FH192I51ET,ASLE,20240313,nichols robert b.,0,3000.0,6.91,3000.0
MNCL X2FH192I51ET,ASLE,20240314,fedder judith ann,0,2800.0,7.35,16348.0
MNCL X2FH192I51ET,ASLE,20240315,nichols robert b.,0,5500.0,7.31,8500.0
MPA R735QTJ8XC9X,MPA,20240313,saba capital management l.p.,0,21878.0,12.18,2070643.0
MPW TA50FDAEVKO5,MPW,20240315,dawson g steven,0,29914.0,0,140362.0
MPW TA50FDAEVKO5,MPW,20240315,mozingo caterina ardon,0,29914.0,0,56310.0
MPW TA50FDAEVKO5,MPW,20240315,murphy emily webster,0,29914.0,0,51670.0
MPW TA50FDAEVKO5,MPW,20240315,pitman elizabeth n,0,29914.0,0,78678.0
MPW TA50FDAEVKO5,MPW,20240315,sparks daniel paul,0,29914.0,0,96388.0
MPW TA50FDAEVKO5,MPW,20240315,stewart michael g,0,29914.0,0,254025.0
MPW TA50FDAEVKO5,MPW,20240315,thompson c reynolds iii,0,29914.0,0,75167.0
MRNA X05QXHPHSF39,MRNA,20240313,afeyan noubar,1,1404.0,111.6851,2132131.0
MRNA X05QXHPHSF39,MRNA,20240313,afeyan noubar,1,200.0,112.435,2131931.0
MRNA X05QXHPHSF39,MRNA,20240313,afeyan noubar,1,2300.0,107.6595,2138350.0
MRNA X05QXHPHSF39,MRNA,20240313,afeyan noubar,1,3803.0,110.8001,2133535.0
MRNA X05QXHPHSF39,MRNA,20240313,afeyan noubar,1,412.0,109.4976,2137338.0
MRNA X05QXHPHSF39,MRNA,20240313,afeyan noubar,1,600.0,108.515,2137750.0
MRNA X05QXHPHSF39,MRNA,20240313,afeyan noubar,1,6281.0,106.5956,2140650.0
MSTR RBGP9S2961YD,MSTR,20240314,saylor michael j,0,5000.0,121.43,5000.0
MSTR RBGP9S2961YD,MSTR,20240314,saylor michael j,1,10.0,1603.99,4791.0
MSTR RBGP9S2961YD,MSTR,20240314,saylor michael j,1,10.0,1621.56,4520.0
MSTR RBGP9S2961YD,MSTR,20240314,saylor michael j,1,11.0,1640.96,4018.0
MSTR RBGP9S2961YD,MSTR,20240314,saylor michael j,1,11.0,1658.41,3449.0
MSTR RBGP9S2961YD,MSTR,20240314,saylor michael j,1,11.0,1698.91,488.0
MSTR RBGP9S2961YD,MSTR,20240314,saylor michael j,1,11.0,1702.98,355.0
MSTR RBGP9S2961YD,MSTR,20240314,saylor michael j,1,11.0,1703.53,344.0
MSTR RBGP9S2961YD,MSTR,20240314,saylor michael j,1,11.0,1711.02,160.0
MSTR RBGP9S2961YD,MSTR,20240314,saylor michael j,1,11.0,1712.0,149.0
MSTR RBGP9S2961YD,MSTR,20240314,saylor michael j,1,11.0,1713.93,138.0
MSTR RBGP9S2961YD,MSTR,20240314,saylor michael j,1,11.0,1738.8,24.0
MSTR RBGP9S2961YD,MSTR,20240314,saylor michael j,1,111.0,1693.33,1033.0
MSTR RBGP9S2961YD,MSTR,20240314,saylor michael j,1,12.0,1646.95,3843.0
MSTR RBGP9S2961YD,MSTR,20240314,saylor michael j,1,12.0,1657.0,3460.0
MSTR RBGP9S2961YD,MSTR,20240314,saylor michael j,1,12.0,1715.49,101.0
MSTR RBGP9S2961YD,MSTR,20240314,saylor michael j,1,12.0,1742.48,12.0
MSTR RBGP9S2961YD,MSTR,20240314,saylor michael j,1,12.0,1745.99,0
MSTR RBGP9S2961YD,MSTR,20240314,saylor michael j,1,120.0,1618.05,4598.0
MSTR RBGP9S2961YD,MSTR,20240314,saylor michael j,1,13.0,1619.78,4585.0
MSTR RBGP9S2961YD,MSTR,20240314,saylor michael j,1,13.0,1665.0,2820.0
MSTR RBGP9S2961YD,MSTR,20240314,saylor michael j,1,13.0,1669.86,2687.0
MSTR RBGP9S2961YD,MSTR,20240314,saylor michael j,1,13.0,1681.54,1446.0
MSTR RBGP9S2961YD,MSTR,20240314,saylor michael j,1,13.0,1687.3,1275.0
MSTR RBGP9S2961YD,MSTR,20240314,saylor michael j,1,13.0,1730.0,63.0
MSTR RBGP9S2961YD,MSTR,20240314,saylor michael j,1,13.0,1734.0,35.0
MSTR RBGP9S2961YD,MSTR,20240314,saylor michael j,1,15.0,1732.73,48.0
MSTR RBGP9S2961YD,MSTR,20240314,saylor michael j,1,16.0,1627.0,4436.0
MSTR RBGP9S2961YD,MSTR,20240314,saylor michael j,1,163.0,1695.25,558.0
MSTR RBGP9S2961YD,MSTR,20240314,saylor michael j,1,17.0,1624.04,4452.0
MSTR RBGP9S2961YD,MSTR,20240314,saylor michael j,1,17.0,1654.45,3581.0
MSTR RBGP9S2961YD,MSTR,20240314,saylor michael j,1,18.0,1631.7,4287.0
MSTR RBGP9S2961YD,MSTR,20240314,saylor michael j,1,19.0,1599.0,4801.0
MSTR RBGP9S2961YD,MSTR,20240314,saylor michael j,1,20.0,1637.56,4104.0
MSTR RBGP9S2961YD,MSTR,20240314,saylor michael j,1,22.0,1633.39,4222.0
MSTR RBGP9S2961YD,MSTR,20240314,saylor michael j,1,22.0,1638.37,4082.0
MSTR RBGP9S2961YD,MSTR,20240314,saylor michael j,1,22.0,1643.39,3952.0
MSTR RBGP9S2961YD,MSTR,20240314,saylor michael j,1,22.0,1668.73,2700.0
MSTR RBGP9S2961YD,MSTR,20240314,saylor michael j,1,22.0,1684.22,1345.0
MSTR RBGP9S2961YD,MSTR,20240314,saylor michael j,1,22.0,1699.97,466.0
MSTR RBGP9S2961YD,MSTR,20240314,saylor michael j,1,23.0,1690.35,1179.0
MSTR RBGP9S2961YD,MSTR,20240314,saylor michael j,1,24.0,1634.99,4198.0
MSTR RBGP9S2961YD,MSTR,20240314,saylor michael j,1,24.0,1644.49,3928.0
MSTR RBGP9S2961YD,MSTR,20240314,saylor michael j,1,25.0,1650.55,3680.0
MSTR RBGP9S2961YD,MSTR,20240314,saylor michael j,1,25.0,1678.42,1570.0
MSTR RBGP9S2961YD,MSTR,20240314,saylor michael j,1,25.0,1683.16,1367.0
MSTR RBGP9S2961YD,MSTR,20240314,saylor michael j,1,25.0,1706.55,248.0
MSTR RBGP9S2961YD,MSTR,20240314,saylor michael j,1,25.0,1714.51,113.0
MSTR RBGP9S2961YD,MSTR,20240314,saylor michael j,1,25.0,1719.5,76.0
MSTR RBGP9S2961YD,MSTR,20240314,saylor michael j,1,26.0,1688.94,1249.0
MSTR RBGP9S2961YD,MSTR,20240314,saylor michael j,1,26.0,1705.0,273.0
MSTR RBGP9S2961YD,MSTR,20240314,saylor michael j,1,28.0,1663.29,2867.0
MSTR RBGP9S2961YD,MSTR,20240314,saylor michael j,1,29.0,1708.36,171.0
MSTR RBGP9S2961YD,MSTR,20240314,saylor michael j,1,30.0,1610.43,4761.0
MSTR RBGP9S2961YD,MSTR,20240314,saylor michael j,1,30.0,1651.2,3650.0
MSTR RBGP9S2961YD,MSTR,20240314,saylor michael j,1,30.0,1675.0,1708.0
MSTR RBGP9S2961YD,MSTR,20240314,saylor michael j,1,312.0,1694.98,721.0
MSTR RBGP9S2961YD,MSTR,20240314,saylor michael j,1,338.0,1673.62,1820.0
MSTR RBGP9S2961YD,MSTR,20240314,saylor michael j,1,34.0,1664.96,2833.0
MSTR RBGP9S2961YD,MSTR,20240314,saylor michael j,1,35.0,1617.56,4718.0
MSTR RBGP9S2961YD,MSTR,20240314,saylor michael j,1,35.0,1691.99,1144.0
MSTR RBGP9S2961YD,MSTR,20240314,saylor michael j,1,37.0,1628.61,4399.0
MSTR RBGP9S2961YD,MSTR,20240314,saylor michael j,1,37.0,1635.49,4161.0
MSTR RBGP9S2961YD,MSTR,20240314,saylor michael j,1,37.0,1636.39,4124.0
MSTR RBGP9S2961YD,MSTR,20240314,saylor michael j,1,38.0,1666.32,2782.0
MSTR RBGP9S2961YD,MSTR,20240314,saylor michael j,1,39.0,1580.19,4869.0
MSTR RBGP9S2961YD,MSTR,20240314,saylor michael j,1,41.0,1592.74,4828.0
MSTR RBGP9S2961YD,MSTR,20240314,saylor michael j,1,42.0,1671.74,2158.0
MSTR RBGP9S2961YD,MSTR,20240314,saylor michael j,1,42.0,1701.39,366.0
MSTR RBGP9S2961YD,MSTR,20240314,saylor michael j,1,43.0,1632.67,4244.0
MSTR RBGP9S2961YD,MSTR,20240314,saylor michael j,1,44.0,1568.82,4956.0
MSTR RBGP9S2961YD,MSTR,20240314,saylor michael j,1,44.0,1642.28,3974.0
MSTR RBGP9S2961YD,MSTR,20240314,saylor michael j,1,45.0,1704.67,299.0
MSTR RBGP9S2961YD,MSTR,20240314,saylor michael j,1,47.0,1689.47,1202.0
MSTR RBGP9S2961YD,MSTR,20240314,saylor michael j,1,48.0,1575.25,4908.0
MSTR RBGP9S2961YD,MSTR,20240314,saylor michael j,1,48.0,1707.66,200.0
MSTR RBGP9S2961YD,MSTR,20240314,saylor michael j,1,487.0,1670.31,2200.0
MSTR RBGP9S2961YD,MSTR,20240314,saylor michael j,1,500.0,1661.58,2895.0
MSTR RBGP9S2961YD,MSTR,20240314,saylor michael j,1,51.0,1622.11,4469.0
MSTR RBGP9S2961YD,MSTR,20240314,saylor michael j,1,52.0,1653.71,3598.0
MSTR RBGP9S2961YD,MSTR,20240314,saylor michael j,1,53.0,1639.54,4029.0
MSTR RBGP9S2961YD,MSTR,20240314,saylor michael j,1,53.0,1648.63,3790.0
MSTR RBGP9S2961YD,MSTR,20240314,saylor michael j,1,54.0,1655.37,3527.0
MSTR RBGP9S2961YD,MSTR,20240314,saylor michael j,1,54.0,1660.21,3395.0
MSTR RBGP9S2961YD,MSTR,20240314,saylor michael j,1,54.0,1676.85,1654.0
MSTR RBGP9S2961YD,MSTR,20240314,saylor michael j,1,54.0,1679.59,1516.0
MSTR RBGP9S2961YD,MSTR,20240314,saylor michael j,1,54.0,1682.47,1392.0
MSTR RBGP9S2961YD,MSTR,20240314,saylor michael j,1,55.0,1620.44,4530.0
MSTR RBGP9S2961YD,MSTR,20240314,saylor michael j,1,55.0,1656.36,3472.0
MSTR RBGP9S2961YD,MSTR,20240314,saylor michael j,1,57.0,1680.21,1459.0
MSTR RBGP9S2961YD,MSTR,20240314,saylor michael j,1,57.0,1685.06,1288.0
MSTR RBGP9S2961YD,MSTR,20240314,saylor michael j,1,58.0,1700.31,408.0
MSTR RBGP9S2961YD,MSTR,20240314,saylor michael j,1,59.0,1677.4,1595.0
MSTR RBGP9S2961YD,MSTR,20240314,saylor michael j,1,59.0,1697.3,499.0
MSTR RBGP9S2961YD,MSTR,20240314,saylor michael j,1,60.0,1667.9,2722.0
MSTR RBGP9S2961YD,MSTR,20240314,saylor michael j,1,73.0,1645.0,3855.0
MSTR RBGP9S2961YD,MSTR,20240314,saylor michael j,1,8.0,1598.99,4820.0
MSTR RBGP9S2961YD,MSTR,20240314,saylor michael j,1,8.0,1616.96,4753.0
MSTR RBGP9S2961YD,MSTR,20240314,saylor michael j,1,82.0,1674.76,1738.0
MSTR RBGP9S2961YD,MSTR,20240314,saylor michael j,1,85.0,1649.82,3705.0
MSTR RBGP9S2961YD,MSTR,20240314,saylor michael j,1,94.0,1630.0,4305.0
MTN R735QTJ8XC9X,MTN,20240313,vaughn peter a,1,1000.0,222.77,7592.0
NAII R735QTJ8XC9X,NAII,20240308,dunn alan g,0,8000.0,0,83211.0
NAII R735QTJ8XC9X,NAII,20240308,matherly laura kay,0,8000.0,0,26000.0
NAII R735QTJ8XC9X,NAII,20240308,ramanathan guru,0,8000.0,0,22000.0
NBIX R735QTJ8XC9X,NBIX,20240313,delaet ingrid,0,3000.0,106.02,10507.0
NBIX R735QTJ8XC9X,NBIX,20240313,delaet ingrid,1,3000.0,140.1398,7507.0
NBIX R735QTJ8XC9X,NBIX,20240313,pops richard f,0,23200.0,42.76,52712.0
NBIX R735QTJ8XC9X,NBIX,20240313,pops richard f,1,23200.0,140.3285,29512.0
NBIX R735QTJ8XC9X,NBIX,20240314,benevich eric,0,5479.0,79.02,46257.0
NBIX R735QTJ8XC9X,NBIX,20240314,benevich eric,0,69521.0,81.05,110299.0
NBIX R735QTJ8XC9X,NBIX,20240314,benevich eric,1,5479.0,139.3789,40778.0
NBIX R735QTJ8XC9X,NBIX,20240314,benevich eric,1,69521.0,139.3789,40778.0
NBIX R735QTJ8XC9X,NBIX,20240314,morrow george j,0,20000.0,39.79,20000.0
NBIX R735QTJ8XC9X,NBIX,20240314,morrow george j,1,20000.0,139.4139,0
NBIX R735QTJ8XC9X,NBIX,20240314,morrow george j,1,20000.0,139.4216,0
NC R735QTJ8XC9X,NC,20240313,maxwell thomas a,1,866.0,29.64,8834.0
NCNO XG5RG6P8JRZ9,NCNO,20240313,desmond sean,0,10500.0,4.98,315265.0
NET X7TG3O4R7O11,NET,20240312,prince matthew,0,52384.0,,64567.0
NET X7TG3O4R7O11,NET,20240312,prince matthew,1,18923.0,96.1268,45644.0
NET X7TG3O4R7O11,NET,20240312,prince matthew,1,2197.0,97.5637,12183.0
NET X7TG3O4R7O11,NET,20240312,prince matthew,1,31264.0,96.914,14380.0
NET X7TG3O4R7O11,NET,20240313,prince matthew,0,52384.0,,64567.0
NET X7TG3O4R7O11,NET,20240313,prince matthew,1,1650.0,97.8253,12183.0
NET X7TG3O4R7O11,NET,20240313,prince matthew,1,19446.0,96.2311,45121.0
NET X7TG3O4R7O11,NET,20240313,prince matthew,1,31288.0,97.1548,13833.0
NET X7TG3O4R7O11,NET,20240314,prince matthew,0,52384.0,,64567.0
NET X7TG3O4R7O11,NET,20240314,prince matthew,1,100.0,96.765,12183.0
NET X7TG3O4R7O11,NET,20240314,prince matthew,1,10202.0,93.1875,54365.0
NET X7TG3O4R7O11,NET,20240314,prince matthew,1,29006.0,94.1317,25359.0
NET X7TG3O4R7O11,NET,20240314,prince matthew,1,3400.0,96.0138,12283.0
NET X7TG3O4R7O11,NET,20240314,prince matthew,1,9676.0,95.0763,15683.0
NMRK WQD8W0R2EBMT,NMRK,20240315,rispoli michael j.,1,9980.0,10.57,758650.0
NPCT XO1C741UL279,NPCT,20240313,saba capital management l.p.,0,100.0,10.36,3192057.0
NQP R735QTJ8XC9X,NQP,20240313,saba capital management l.p.,0,2687.0,11.82,4835695.0
NRGV XW0UQEV4XD2D,NRGV,20240313,gross william,0,130000.0,1.65,1406355.0
NWNG R735QTJ8XC9X,NWN,20240313,downing james r,1,0.457,37.364,8593.0
OAC X7PIBAO2WNDX,HIMS,20240313,boughton soleil,0,63621.0,2.43,217966.0
OAC X7PIBAO2WNDX,HIMS,20240313,boughton soleil,1,63621.0,15.1682,154345.0
OC TNAMGC8LOGV9,OC,20240314,russell paula,1,3765.0,162.0,20419.142
OCCI WYFPRLNUYVZ9,OCCI,20240313,eagle point credit management llc,1,11.0,24.1,42360.0
OCCI WYFPRLNUYVZ9,OCCI,20240314,eagle point credit management llc,1,28.0,24.12,42332.0
OCCI WYFPRLNUYVZ9,OCCI,20240315,eagle point credit management llc,1,6.0,24.12,42326.0
OM XHVSM2QVDB39,OM,20240315,nash marc,1,2391.0,2.13,242510.0
ONTX VIJUQ8QNTOIT,ONTX,20240313,fruchtman steven m,0,23111.0,,83519.0
ONTX VIJUQ8QNTOIT,ONTX,20240313,guerin mark patrick,0,8666.0,,38567.0
ONTX VIJUQ8QNTOIT,ONTX,20240314,fruchtman steven m,1,8727.0,0.9,74792.0
ONTX VIJUQ8QNTOIT,ONTX,20240314,guerin mark patrick,1,2591.0,0.9,35976.0
OPXS Y6SSV8ZN2MAT,OPXS,20240311,hawkins karen lea,0,7000.0,,39951.0
OPXS Y6SSV8ZN2MAT,OPXS,20240311,schoening danny robert,0,20000.0,,934168.0
OPXS Y6SSV8ZN2MAT,OPXS,20240313,hawkins karen lea,1,1641.0,6.95,38310.0
OPXS Y6SSV8ZN2MAT,OPXS,20240313,schoening danny robert,1,4690.0,6.95,929478.0
OSBC R735QTJ8XC9X,OSBC,20240313,adams bradley s.,0,16089.0,0,126470.0
OSBC R735QTJ8XC9X,OSBC,20240313,adams bradley s.,1,4713.0,13.36,121757.0
OSBC R735QTJ8XC9X,OSBC,20240313,collins gary s,0,15924.0,0,15924.0
OSBC R735QTJ8XC9X,OSBC,20240313,collins gary s,1,4665.0,13.36,6594.0
OSBC R735QTJ8XC9X,OSBC,20240313,eccher james,0,30714.0,0,298405.0
OSBC R735QTJ8XC9X,OSBC,20240313,eccher james,1,8998.0,13.36,289407.0
PACE XJVO8WG6YDT1,NRDY,20240313,cohn charles k.,0,37500.0,2.79,185704.0
PAMT V54E8C4S98PX,HEAR,20240313,keirn cris,0,407.0,0,17926.0
PAWN R735QTJ8XC9X,FCFS,20240313,rippel douglas richard,1,21852.0,119.9,5502761.0
PAWN R735QTJ8XC9X,FCFS,20240314,rippel douglas richard,1,18393.0,117.59,5484368.0
PAWN R735QTJ8XC9X,FCFS,20240315,rippel douglas richard,1,17395.0,118.73,5466973.0
PBF VCEB57FOLXET,PBF,20240314,o connor thomas l,0,40000.0,30.89,200338.0
PBF VCEB57FOLXET,PBF,20240314,o connor thomas l,1,10000.0,54.3725,190338.0
PBF VCEB57FOLXET,PBF,20240314,o connor thomas l,1,10000.0,55.7217,160338.0
PBF VCEB57FOLXET,PBF,20240314,o connor thomas l,1,20000.0,55.099,170338.0
PBPB VKGS0SCH6HR9,PBPB,20240315,wright robert d.,0,1750.0,11.62,728045.0
PCR R735QTJ8XC9X,TPC,20240314,smalley gary g.,1,20303.0,12.4,160507.0
PCR R735QTJ8XC9X,TPC,20240315,smalley gary g.,1,20304.0,12.63,140203.0
PCTY VP088B2HVQED,PCTY,20240313,diehl jeffrey t,1,103.0,170.05,18769.0
PCTY VP088B2HVQED,PCTY,20240313,diehl jeffrey t,1,108.0,171.64,30277.0
PCTY VP088B2HVQED,PCTY,20240313,diehl jeffrey t,1,1261.0,171.02,57124.0
PCTY VP088B2HVQED,PCTY,20240313,diehl jeffrey t,1,1278.0,168.55,58704.0
PCTY VP088B2HVQED,PCTY,20240313,diehl jeffrey t,1,170.0,170.05,31056.0
PCTY VP088B2HVQED,PCTY,20240313,diehl jeffrey t,1,204.0,171.64,56920.0
PCTY VP088B2HVQED,PCTY,20240313,diehl jeffrey t,1,2132.0,171.02,96584.0
PCTY VP088B2HVQED,PCTY,20240313,diehl jeffrey t,1,2160.0,168.55,99256.0
PCTY VP088B2HVQED,PCTY,20240313,diehl jeffrey t,1,2372.0,171.02,107490.0
PCTY VP088B2HVQED,PCTY,20240313,diehl jeffrey t,1,2405.0,168.55,110463.0
PCTY VP088B2HVQED,PCTY,20240313,diehl jeffrey t,1,319.0,170.05,58385.0
PCTY VP088B2HVQED,PCTY,20240313,diehl jeffrey t,1,326.0,171.02,14756.0
PCTY VP088B2HVQED,PCTY,20240313,diehl jeffrey t,1,327.0,171.02,14806.0
PCTY VP088B2HVQED,PCTY,20240313,diehl jeffrey t,1,330.0,168.55,15165.0
PCTY VP088B2HVQED,PCTY,20240313,diehl jeffrey t,1,331.0,168.55,15216.0
PCTY VP088B2HVQED,PCTY,20240313,diehl jeffrey t,1,3403.0,171.02,154201.0
PCTY VP088B2HVQED,PCTY,20240313,diehl jeffrey t,1,344.0,171.64,96240.0
PCTY VP088B2HVQED,PCTY,20240313,diehl jeffrey t,1,3449.0,168.55,158466.0
PCTY VP088B2HVQED,PCTY,20240313,diehl jeffrey t,1,383.0,171.64,107107.0
PCTY VP088B2HVQED,PCTY,20240313,diehl jeffrey t,1,405.0,171.02,18364.0
PCTY VP088B2HVQED,PCTY,20240313,diehl jeffrey t,1,411.0,168.55,18872.0
PCTY VP088B2HVQED,PCTY,20240313,diehl jeffrey t,1,52.0,171.64,14704.0
PCTY VP088B2HVQED,PCTY,20240313,diehl jeffrey t,1,53.0,171.64,14753.0
PCTY VP088B2HVQED,PCTY,20240313,diehl jeffrey t,1,540.0,170.05,98716.0
PCTY VP088B2HVQED,PCTY,20240313,diehl jeffrey t,1,551.0,171.64,153650.0
PCTY VP088B2HVQED,PCTY,20240313,diehl jeffrey t,1,601.0,170.05,109862.0
PCTY VP088B2HVQED,PCTY,20240313,diehl jeffrey t,1,65.0,171.64,18299.0
PCTY VP088B2HVQED,PCTY,20240313,diehl jeffrey t,1,671.0,171.02,30385.0
PCTY VP088B2HVQED,PCTY,20240313,diehl jeffrey t,1,680.0,168.55,31226.0
PCTY VP088B2HVQED,PCTY,20240313,diehl jeffrey t,1,83.0,170.05,15082.0
PCTY VP088B2HVQED,PCTY,20240313,diehl jeffrey t,1,83.0,170.05,15133.0
PCTY VP088B2HVQED,PCTY,20240313,diehl jeffrey t,1,862.0,170.05,157604.0
PCU R735QTJ8XC9X,SCCO,20240313,palomino bonilla luis miguel,1,100.0,87.1,5014.0
PEG R735QTJ8XC9X,PEG,20240314,thigpen richard t,1,4800.0,64.18,31122.341
PIAM R735QTJ8XC9X,SGRP,20240313,brown robert g/,1,200.0,1.03,3397963.0
PIAM R735QTJ8XC9X,SGRP,20240313,brown robert g/,1,90000.0,,3307963.0
POR THORT68ZZSYT,POR,20240215,bekkedahl larry neal,1,2027.0,40.26,28765.0
PROP YEODM6C93WIT,PROP,20240313,kessler paul l.,0,142472.0,6.0,1374613.0
PRVA XO2BN7F0NTD1,PRVA,20240308,fargis edward c,0,28544.0,0,72948.0
PRVA XO2BN7F0NTD1,PRVA,20240308,mehrotra parth,0,119885.0,0,273859.0
PRVA XO2BN7F0NTD1,PRVA,20240308,mountcastle david,0,38058.0,0,210596.0
PSIX VGXRCQ5PB61X,PSIX,20240301,gagnon neil,0,5000.0,2.0,691600.0
PSIX VGXRCQ5PB61X,PSIX,20240312,gagnon neil,0,1817.0,2.0,693417.0
PSTG W4IIPBH79IED,PSTG,20240313,chu mona,0,11347.0,0,144447.0
PSTG W4IIPBH79IED,PSTG,20240313,colgrove john,0,113470.0,0,8374375.0
PSTG W4IIPBH79IED,PSTG,20240313,fitzsimons dan,0,113470.0,0,204029.0
PSTG W4IIPBH79IED,PSTG,20240313,giancarlo charles h,0,324202.0,0,1329713.0
PSTG W4IIPBH79IED,PSTG,20240313,krysler p. kevan,0,113470.0,0,557491.0
PSTG W4IIPBH79IED,PSTG,20240313,singh ajay,0,113470.0,0,458017.0
PTBI VVUDZOIP0CIT,ABEO,20240315,vazzano joseph walter,1,703.0,8.14,228260.0
PTC R735QTJ8XC9X,PAR,20240314,rauch douglas gregory,1,4500.0,42.04,14365.0
PTON X868WVVY7H45,PTON,20240313,coddington elizabeth f,0,21819.0,,113405.0
PTON X868WVVY7H45,PTON,20240314,coddington elizabeth f,1,8977.0,4.3416,104428.0
PX XSUMVKFK1UG5,PX,20240309,mccoy david m.,0,43155.0,0,81375.0
PX XSUMVKFK1UG5,PX,20240309,mccoy david m.,1,11830.0,8.09,69545.0
PZB R735QTJ8XC9X,BCO,20240313,bossart dominik,1,10000.0,84.96,28018.0
PZN R735QTJ8XC9X,CXW,20240314,swindle patrick d.,1,15000.0,14.5958,218504.0
QCSB R735QTJ8XC9X,NYCB,20240313,liberty 77 capital l.p.,0,6751000.0,,41691000.0
QRHC VQOAI0DSJR6T,QRHC,20240313,wynnefield partners small cap value lp i,0,14918.0,6.9372,1294093.0
QRHC VQOAI0DSJR6T,QRHC,20240313,wynnefield partners small cap value lp i,0,15658.0,6.9372,1440256.0
RBB WMIEUU69LY05,RBB,20240313,kao james,0,2000.0,16.98,519175.0
RBB WMIEUU69LY05,RBB,20240314,kao james,0,16201.0,16.88,535376.0
RCG TSTIR84P4VAD,RCG,20240314,stahl murray,0,1.0,1.6,379.0
RCG TSTIR84P4VAD,RCG,20240314,stahl murray,0,2.0,1.6,4954.0
RCG TSTIR84P4VAD,RCG,20240314,stahl murray,0,24.0,1.6,242744.0
RCG TSTIR84P4VAD,RCG,20240314,stahl murray,0,24.0,1.6,246826.0
RCG TSTIR84P4VAD,RCG,20240314,stahl murray,0,6.0,1.6,60713.0
REAL X5PMOGYRBKO5,REAL,20240314,sahi levesque rati,1,30000.0,3.22,1312719.0
REGN R735QTJ8XC9X,REGN,20240313,murphy andrew j,0,20000.0,399.66,68306.0
REGN R735QTJ8XC9X,REGN,20240313,murphy andrew j,1,14217.0,971.82,54089.0
REGN R735QTJ8XC9X,REGN,20240314,murphy andrew j,1,1.0,962.87,48597.0
REGN R735QTJ8XC9X,REGN,20240314,murphy andrew j,1,1108.0,956.34,50364.0
REGN R735QTJ8XC9X,REGN,20240314,murphy andrew j,1,17.0,966.3,48502.0
REGN R735QTJ8XC9X,REGN,20240314,murphy andrew j,1,182.0,951.92,53907.0
REGN R735QTJ8XC9X,REGN,20240314,murphy andrew j,1,196.0,968.2,48306.0
REGN R735QTJ8XC9X,REGN,20240314,murphy andrew j,1,444.0,952.4,53463.0
REGN R735QTJ8XC9X,REGN,20240314,murphy andrew j,1,47.0,961.74,48598.0
REGN R735QTJ8XC9X,REGN,20240314,murphy andrew j,1,477.0,958.34,49157.0
REGN R735QTJ8XC9X,REGN,20240314,murphy andrew j,1,512.0,959.36,48645.0
REGN R735QTJ8XC9X,REGN,20240314,murphy andrew j,1,545.0,955.54,51472.0
REGN R735QTJ8XC9X,REGN,20240314,murphy andrew j,1,576.0,953.77,52887.0
REGN R735QTJ8XC9X,REGN,20240314,murphy andrew j,1,730.0,957.35,49634.0
REGN R735QTJ8XC9X,REGN,20240314,murphy andrew j,1,78.0,965.51,48519.0
REGN R735QTJ8XC9X,REGN,20240314,murphy andrew j,1,870.0,954.66,52017.0
REPR X8QXAUKHTBHH,KRMD,20240313,tharby linda m,0,19681.0,2.09,1076537.0
REPR X8QXAUKHTBHH,KRMD,20240313,tharby linda m,1,7094.0,2.09,1069443.0
RGLS VAHDUNTV946D,RGLS,20240314,papadopoulos stelios,0,250000.0,1.6,978388.0
RKT XGSEQC44B4O5,RKT,20240314,rizik matthew,0,351.0,12.39,690707.0
RKT XGSEQC44B4O5,RKT,20240315,rizik matthew,0,356.0,12.27,691063.0
RMAX VKET4LM50ZFP,RMAX,20240313,lee abigail c.,1,4500.0,8.5084,89229.0
RMAX VKET4LM50ZFP,RMAX,20240314,winders susan l,1,4299.0,8.42,108251.0
RNA XFA956ZU3MUD,RNA,20240313,maclean michael f,0,40000.0,8.82,84093.0
RNA XFA956ZU3MUD,RNA,20240313,maclean michael f,1,40000.0,24.519,44093.0
RNG VK9VW4SAN7MT,RNG,20240315,agarwal vaibhav,1,14113.0,34.837,116640.0
ROKU WO9FGTL2I89X,ROKU,20240314,wood anthony j.,0,6849.0,0,6849.0
ROKU WO9FGTL2I89X,ROKU,20240314,wood anthony j.,1,6849.0,0,0
ROST R735QTJ8XC9X,ROST,20240313,balmuth michael,0,10198.0,0,39805.0
ROST R735QTJ8XC9X,ROST,20240313,burrill jeffrey p,0,1700.0,0,25016.0
ROST R735QTJ8XC9X,ROST,20240313,hartshorn michael j.,0,10878.0,0,135544.0
ROST R735QTJ8XC9X,ROST,20240313,orvos adam m,0,6799.0,0,68355.0
ROST R735QTJ8XC9X,ROST,20240313,rentler barbara,0,27875.0,0,300065.0
RRGB SGGODXE9UZJ9,RRGB,20240313,arnell brenden robyn,0,9769.0,0,9769.0
RRGB SGGODXE9UZJ9,RRGB,20240313,hart gerard johan,0,239808.0,0,633813.0
RRGB SGGODXE9UZJ9,RRGB,20240313,lynch jyoti a.,0,16366.0,0,51164.0
RRGB SGGODXE9UZJ9,RRGB,20240313,mayer kevin e.,0,17835.0,0,32294.0
RRGB SGGODXE9UZJ9,RRGB,20240313,mussetter sarah a.,0,26438.0,0,64345.0
RRGB SGGODXE9UZJ9,RRGB,20240313,spuler meghan,0,15737.0,0,20697.0
RRGB SGGODXE9UZJ9,RRGB,20240313,wilson joshua todd,0,42715.0,0,116610.0
RSVA XKX38GCLV1WL,ENVX,20240314,marathe ajay,1,4951.0,7.76,747062.0
RUBI VPE0HM6UYAN9,MGNI,20240314,soroca adam lee,1,17245.0,11.32,493467.0
RVP S4EG8P2U49R9,RVP,20240314,shaw thomas j,0,5000.0,1.2191,14272690.0
SASR R735QTJ8XC9X,SASR,20240313,caceres r louis,0,4396.0,0,50476.4876
SASR R735QTJ8XC9X,SASR,20240313,caceres r louis,0,6759.0,0,6759.0
SASR R735QTJ8XC9X,SASR,20240313,caceres r louis,1,1465.0,22.12,49011.4876
SASR R735QTJ8XC9X,SASR,20240313,cook kenneth c,0,4447.0,0,7232.5874
SASR R735QTJ8XC9X,SASR,20240313,cook kenneth c,1,1614.0,22.12,5618.5874
SASR R735QTJ8XC9X,SASR,20240313,fernandes gary john,0,1361.0,0,5215.2397
SASR R735QTJ8XC9X,SASR,20240313,fernandes gary john,0,3205.0,0,3205.0
SASR R735QTJ8XC9X,SASR,20240313,fernandes gary john,1,492.0,22.12,4723.2397
SASR R735QTJ8XC9X,SASR,20240313,kaslow aaron michael,0,2841.0,0,19859.7429
SASR R735QTJ8XC9X,SASR,20240313,kaslow aaron michael,0,5844.0,0,5844.0
SASR R735QTJ8XC9X,SASR,20240313,kaslow aaron michael,1,935.0,22.12,18924.7429
SASR R735QTJ8XC9X,SASR,20240313,mantua philip j,0,4819.0,0,59357.0
SASR R735QTJ8XC9X,SASR,20240313,mantua philip j,0,6686.0,0,6686.0
SASR R735QTJ8XC9X,SASR,20240313,mantua philip j,1,1605.0,22.12,57752.0
SASR R735QTJ8XC9X,SASR,20240313,mcdowell ronda m,0,3053.0,0,22772.2071
SASR R735QTJ8XC9X,SASR,20240313,mcdowell ronda m,0,4295.0,0,4295.0
SASR R735QTJ8XC9X,SASR,20240313,mcdowell ronda m,1,1011.0,22.12,21761.2071
SASR R735QTJ8XC9X,SASR,20240313,o'brien joseph j jr,0,6541.0,0,66792.6997
SASR R735QTJ8XC9X,SASR,20240313,o'brien joseph j jr,0,9070.0,0,9070.0
SASR R735QTJ8XC9X,SASR,20240313,o'brien joseph j jr,1,1970.0,22.12,64822.6997
SASR R735QTJ8XC9X,SASR,20240313,pulford susan lynne,0,5086.0,0,5086.0
SASR R735QTJ8XC9X,SASR,20240313,sadowski john d,0,2748.0,0,27856.6257
SASR R735QTJ8XC9X,SASR,20240313,sadowski john d,0,4239.0,0,4239.0
SASR R735QTJ8XC9X,SASR,20240313,sadowski john d,1,907.0,22.12,26949.6257
SASR R735QTJ8XC9X,SASR,20240313,schrider daniel j,0,12949.0,0,128578.4647
SASR R735QTJ8XC9X,SASR,20240313,schrider daniel j,0,19779.0,0,19779.0
SASR R735QTJ8XC9X,SASR,20240313,schrider daniel j,1,4312.0,22.12,124266.4647
SASR R735QTJ8XC9X,SASR,20240313,slane kevin,0,3271.0,0,18151.9653
SASR R735QTJ8XC9X,SASR,20240313,slane kevin,0,5036.0,0,5036.0
SASR R735QTJ8XC9X,SASR,20240313,slane kevin,1,1088.0,22.12,17063.9653
SBG XJA0EUEH9S9X,OWLT,20240313,scolnick kathryn r.,1,7267.0,4.96,88770.0
SBTX XK2KDK0DHNXH,SPRY,20240313,lowenthal richard e,1,1300.0,9.0,2047199.0
SBTX XK2KDK0DHNXH,SPRY,20240313,lowenthal richard e,1,1500.0,9.0,1744994.0
SBTX XK2KDK0DHNXH,SPRY,20240313,tanimoto sarina,1,1300.0,9.0,2047199.0
SBTX XK2KDK0DHNXH,SPRY,20240313,tanimoto sarina,1,1500.0,9.0,1744994.0
SBTX XK2KDK0DHNXH,SPRY,20240314,lowenthal richard e,1,205.0,9.0,1744789.0
SBTX XK2KDK0DHNXH,SPRY,20240314,lowenthal richard e,1,239.0,9.0,2046960.0
SBTX XK2KDK0DHNXH,SPRY,20240314,tanimoto sarina,1,205.0,9.0,1744789.0
SBTX XK2KDK0DHNXH,SPRY,20240314,tanimoto sarina,1,239.0,9.0,2046960.0
SBTX XK2KDK0DHNXH,SPRY,20240315,lowenthal richard e,1,48295.0,9.1415,1696494.0
SBTX XK2KDK0DHNXH,SPRY,20240315,lowenthal richard e,1,48461.0,9.1413,1998499.0
SBTX XK2KDK0DHNXH,SPRY,20240315,tanimoto sarina,1,48295.0,9.1415,1696494.0
SBTX XK2KDK0DHNXH,SPRY,20240315,tanimoto sarina,1,48461.0,9.1413,1998499.0
SBUX R735QTJ8XC9X,SBUX,20240313,allison richard e jr,0,3602.0,0,31146.177
SBUX R735QTJ8XC9X,SBUX,20240313,campion andrew,0,3711.0,0,21359.177
SBUX R735QTJ8XC9X,SBUX,20240313,ford beth,0,3602.0,0,6896.0
SBUX R735QTJ8XC9X,SBUX,20240313,hobson mellody l,0,5403.0,0,445533.749
SBUX R735QTJ8XC9X,SBUX,20240313,knudstorp jorgen vig,0,3602.0,0,35628.189
SBUX R735QTJ8XC9X,SBUX,20240313,mohan neal,0,3383.0,0,4074.0
SBUX R735QTJ8XC9X,SBUX,20240313,nadella satya,0,3383.0,0,27682.161
SBUX R735QTJ8XC9X,SBUX,20240313,servitje daniel,0,3383.0,0,4074.0
SBUX R735QTJ8XC9X,SBUX,20240313,sievert g michael,0,3383.0,0,4070.0
SBUX R735QTJ8XC9X,SBUX,20240313,zhang wei,0,3383.0,0,5204.0
SCVL R735QTJ8XC9X,SCVL,20240313,chilton marc a.,0,8172.0,0,47374.0
SCVL R735QTJ8XC9X,SCVL,20240313,edwards patrick c.,0,4847.0,0,22189.0
SCVL R735QTJ8XC9X,SCVL,20240313,scibetta carl n.,0,9435.0,0,123492.0
SCVL R735QTJ8XC9X,SCVL,20240313,worden mark j.,0,34175.0,0,205148.0
SCW R735QTJ8XC9X,AWR,20240301,miller susan p.,0,3.3067,71.64,1701.8894
SCW R735QTJ8XC9X,AWR,20240301,schickling david r,0,3.277,71.64,864.9009
SCW R735QTJ8XC9X,AWR,20240313,miller susan p.,0,729.0,0,2430.8894
SCW R735QTJ8XC9X,AWR,20240313,schickling david r,0,729.0,0,1593.9009
SF R735QTJ8XC9X,SF,20240313,sliney david d,1,1300.0,0,188414.0
SF R735QTJ8XC9X,SF,20240313,sliney david d,1,17000.0,74.83,189714.0
SF R735QTJ8XC9X,SF,20240315,sliney david d,1,3795.0,74.01,184619.0
SFM VIPRESXOA7HH,SFM,20240313,rauch douglas gregory,1,4000.0,62.4,10990.0
SGRY W4CM0RA6SZFP,SGRY,20240314,doherty david t,1,721.0,28.59,95719.0
SGY R735QTJ8XC9X,TALO,20240313,control empresarial de capitales s.a. de c.v.,0,468729.0,12.7746,35216510.0
SGY R735QTJ8XC9X,TALO,20240314,control empresarial de capitales s.a. de c.v.,0,645838.0,12.801,35862348.0
SHOO R735QTJ8XC9X,SHOO,20240314,mazouzi zine,1,7246.0,41.6555,68785.0
SHOO R735QTJ8XC9X,SHOO,20240315,mazouzi zine,0,6005.0,0,74790.0
SHW R735QTJ8XC9X,SHW,20240313,binns justin t,0,714.0,75.91,16127.0
SHW R735QTJ8XC9X,SHW,20240313,binns justin t,0,849.0,67.74,15413.0
SHW R735QTJ8XC9X,SHW,20240313,binns justin t,1,1563.0,338.87,14564.0
SKX RLE4JPUIXX7P,SKX,20240314,greenberg michael,0,51263.0,0,174704.258
SKX RLE4JPUIXX7P,SKX,20240314,greenberg michael,1,25981.0,61.42,148723.258
SKX RLE4JPUIXX7P,SKX,20240314,nason mark a,0,12303.0,0,26325.604
SKX RLE4JPUIXX7P,SKX,20240314,nason mark a,1,6236.0,61.42,20089.604
SKX RLE4JPUIXX7P,SKX,20240314,vandemore john m,0,12303.0,0,86118.0
SKX RLE4JPUIXX7P,SKX,20240314,vandemore john m,1,6236.0,61.42,79882.0
SKX RLE4JPUIXX7P,SKX,20240314,weinberg david,0,41010.0,0,140665.0
SKX RLE4JPUIXX7P,SKX,20240314,weinberg david,1,20784.0,61.42,119881.0
SKX RLE4JPUIXX7P,SKX,20240315,greenberg michael,0,48550.0,0,171991.258
SKX RLE4JPUIXX7P,SKX,20240315,greenberg michael,1,25282.0,61.11,123441.258
SKX RLE4JPUIXX7P,SKX,20240315,nason mark a,0,15000.0,0,29022.604
SKX RLE4JPUIXX7P,SKX,20240315,nason mark a,1,6067.0,61.11,14022.604
SKX RLE4JPUIXX7P,SKX,20240315,vandemore john m,0,25000.0,0,98815.0
SKX RLE4JPUIXX7P,SKX,20240315,vandemore john m,1,6067.0,61.11,73815.0
SKX RLE4JPUIXX7P,SKX,20240315,weinberg david,0,38800.0,0,138455.0
SKX RLE4JPUIXX7P,SKX,20240315,weinberg david,1,20226.0,61.11,99655.0
SKYEY RCG5D58BX7QD,SKYE,20240313,5am partners vii llc,0,450000.0,10.0,8393520.0
SKYEY RCG5D58BX7QD,SKYE,20240313,schwab andrew j.,0,450000.0,10.0,8393520.0
SKYT XNSH69RBW9R9,SKYT,20240315,hilberg christopher,1,1316.0,10.14,40739.0
SKYT XNSH69RBW9R9,SKYT,20240315,manko steve,1,2251.0,10.14,352212.0
SKYT XNSH69RBW9R9,SKYT,20240315,sonderman thomas,1,4592.0,10.14,488809.0
SLRC UK0945QH6STH,SLRC,20240313,gross michael s,0,202577.3852,,3804860.0
SLRC UK0945QH6STH,SLRC,20240313,gross michael s,1,202577.3852,,3602282.6148
SLRC UK0945QH6STH,SLRC,20240313,spohler bruce j,0,202577.3852,,3643136.0
SLRC UK0945QH6STH,SLRC,20240313,spohler bruce j,1,202577.3852,,3440558.6148
SMBC R735QTJ8XC9X,SMBC,20240313,schalk sammy a,1,913.0,44.22,93442.0
SMBC R735QTJ8XC9X,SMBC,20240314,schalk sammy a,1,1000.0,42.5,92442.0
SMBC R735QTJ8XC9X,SMBC,20240314,schalk sammy a,1,8087.0,42.01,84355.0
SO R735QTJ8XC9X,SO,20240207,drake sloane n,0,1328.0,0,28994.0
SO R735QTJ8XC9X,SO,20240207,drake sloane n,1,600.0,66.95,28394.0
SO R735QTJ8XC9X,SO,20240207,womack christopher c,0,7111.0,0,88901.5176
SO R735QTJ8XC9X,SO,20240207,womack christopher c,1,3208.0,66.95,85693.5176
SPCE X91R7VLCNM91,SPCE,20240313,burns alistair,0,230115.0,0,385538.0
SQ W5OUXC7GJYAT,SQ,20240313,esperanza chrysty,0,14415.0,0,76228.0
SQ W5OUXC7GJYAT,SQ,20240313,esperanza chrysty,1,14415.0,85.0,61813.0
SRV R735QTJ8XC9X,SCI,20240313,coelho tony,1,2150.0,75.3401,60887.0
SRV R735QTJ8XC9X,SCI,20240313,coelho tony,1,6800.0,75.4001,63037.0
SSP R735QTJ8XC9X,SSP,20240313,scagliotti r. michael,0,2300.0,4.16,41747.0
STC R735QTJ8XC9X,STC,20240314,clarke robert,1,1675.0,0,54889.0
STHO Y78K0QUCAOV9,STHO,20240306,cowen inc.,0,9307.0,12.0131,987299.0
STHO Y78K0QUCAOV9,STHO,20240306,cowen inc.,1,1012.0,11.9544,986287.0
STHO Y78K0QUCAOV9,STHO,20240307,cowen inc.,0,1746.0,11.8494,355730.0
STHO Y78K0QUCAOV9,STHO,20240307,cowen inc.,1,14000.0,11.8055,341730.0
STHO Y78K0QUCAOV9,STHO,20240308,cowen inc.,0,11472.0,12.201,1000920.0
STHO Y78K0QUCAOV9,STHO,20240308,cowen inc.,0,4431.0,12.26,347203.0
STHO Y78K0QUCAOV9,STHO,20240308,cowen inc.,1,7013.0,12.2098,993907.0
STHO Y78K0QUCAOV9,STHO,20240311,cowen inc.,0,448.0,11.91,347651.0
STHO Y78K0QUCAOV9,STHO,20240311,cowen inc.,0,4595.0,12.0328,998502.0
STHO Y78K0QUCAOV9,STHO,20240311,cowen inc.,1,1500.0,11.9482,997002.0
STHO Y78K0QUCAOV9,STHO,20240312,cowen inc.,0,1100.0,11.7452,998102.0
STHO Y78K0QUCAOV9,STHO,20240312,cowen inc.,1,17700.0,11.8523,980402.0
STLD R735QTJ8XC9X,STLD,20240315,alvarez miguel,0,32565.0,0,137924.0
STLD R735QTJ8XC9X,STLD,20240315,alvarez miguel,1,14325.0,131.48,123599.0
STLD R735QTJ8XC9X,STLD,20240315,anderson james stanley,0,23349.0,0,108334.0
STLD R735QTJ8XC9X,STLD,20240315,anderson james stanley,1,10271.0,131.48,98063.0
STLD R735QTJ8XC9X,STLD,20240315,graham christopher a,0,32565.0,0,95740.0
STLD R735QTJ8XC9X,STLD,20240315,graham christopher a,1,14325.0,131.48,81415.0
STLD R735QTJ8XC9X,STLD,20240315,millett mark d,0,119566.0,0,3029212.0
STLD R735QTJ8XC9X,STLD,20240315,millett mark d,1,53242.0,131.48,2975970.0
STLD R735QTJ8XC9X,STLD,20240315,poinsatte richard a,0,2759.0,0,27386.0
STLD R735QTJ8XC9X,STLD,20240315,poinsatte richard a,1,1213.0,131.48,26173.0
STLD R735QTJ8XC9X,STLD,20240315,pushis glenn,0,36252.0,0,188331.0
STLD R735QTJ8XC9X,STLD,20240315,pushis glenn,1,15947.0,131.48,172384.0
STLD R735QTJ8XC9X,STLD,20240315,schneider barry,0,36252.0,0,225116.0
STLD R735QTJ8XC9X,STLD,20240315,schneider barry,1,15947.0,131.48,209169.0
STLD R735QTJ8XC9X,STLD,20240315,wagler theresa e,0,43624.0,0,480072.0
STLD R735QTJ8XC9X,STLD,20240315,wagler theresa e,1,19190.0,131.48,460882.0
STLR WELUNTGHHWMD,PHUN,20240313,snavely michael,1,2810.0,9.89,20643.0
STLR WELUNTGHHWMD,PHUN,20240314,snavely michael,0,2500.0,9.04,23143.0
SUPN V67S42RJBF51,SUPN,20240313,bhatt padmanabh p.,0,26250.0,23.99,34820.0
SUPN V67S42RJBF51,SUPN,20240313,bhatt padmanabh p.,0,36116.0,12.98,44686.0
SUPN V67S42RJBF51,SUPN,20240313,bhatt padmanabh p.,1,26250.0,34.1,8570.0
SUPN V67S42RJBF51,SUPN,20240313,bhatt padmanabh p.,1,36116.0,33.48,8570.0
SXI R735QTJ8XC9X,SXI,20240313,cannon charles h jr,0,4121.0,0,17872.0
SXI R735QTJ8XC9X,SXI,20240313,cannon charles h jr,1,4121.0,0,3322.0
SYY R735QTJ8XC9X,SYY,20240314,jasper james chris,1,4000.0,80.41,18531.277
TBRG WW8Y04ECUJ51,RPAY,20240313,murphy timothy john,1,10549.0,11.0,574850.0
TCBX XTCCX90LFFC5,TCBX,20240315,bobbora william,0,7598.0,0,33155.0
TCBX XTCCX90LFFC5,TCBX,20240315,caraway bart,0,10131.0,0,69721.0
TCBX XTCCX90LFFC5,TCBX,20240315,mcwhorter richard j,0,13424.0,0,114881.0
TEAM W69JBAW05SO5,TEAM,20240314,cannon-brookes michael,1,150.0,204.8967,82410.0
TEAM W69JBAW05SO5,TEAM,20240314,cannon-brookes michael,1,1600.0,203.2543,88871.0
TEAM W69JBAW05SO5,TEAM,20240314,cannon-brookes michael,1,180.0,205.9939,90471.0
TEAM W69JBAW05SO5,TEAM,20240314,cannon-brookes michael,1,2650.0,201.5864,82560.0
TEAM W69JBAW05SO5,TEAM,20240314,cannon-brookes michael,1,3611.0,202.4401,85260.0
TEAM W69JBAW05SO5,TEAM,20240314,cannon-brookes michael,1,50.0,206.76,85210.0
TEAM W69JBAW05SO5,TEAM,20240314,farquhar scott,1,150.0,204.898,84240.0
TEAM W69JBAW05SO5,TEAM,20240314,farquhar scott,1,1601.0,203.2547,82460.0
TEAM W69JBAW05SO5,TEAM,20240314,farquhar scott,1,179.0,205.9959,84061.0
TEAM W69JBAW05SO5,TEAM,20240314,farquhar scott,1,2650.0,201.5863,88001.0
TEAM W69JBAW05SO5,TEAM,20240314,farquhar scott,1,3611.0,202.4401,84390.0
TEAM W69JBAW05SO5,TEAM,20240314,farquhar scott,1,50.0,206.76,82410.0
TFSC VSV29HNAO411,LMB,20240313,angerosa nicholas,0,7163.0,0,45796.0
TFSC VSV29HNAO411,LMB,20240313,angerosa nicholas,1,1745.0,49.76,44051.0
TFSC VSV29HNAO411,LMB,20240313,brooks jayme l.,0,26864.0,0,107231.0
TFSC VSV29HNAO411,LMB,20240313,brooks jayme l.,1,10562.0,49.76,96669.0
TFSC VSV29HNAO411,LMB,20240313,mccann michael m,0,31340.0,0,100900.0
TFSC VSV29HNAO411,LMB,20240313,mccann michael m,1,12333.0,49.76,88567.0
TFSC VSV29HNAO411,LMB,20240313,sharp jay,0,21491.0,0,70898.0
TFSC VSV29HNAO411,LMB,20240313,sharp jay,1,9349.0,49.76,61549.0
TFT R735QTJ8XC9X,KAI,20240313,krause stacy d.,1,700.0,327.0,881.0
THC R735QTJ8XC9X,THC,20240312,mark richard j,1,14000.0,98.98,33303.0
TINV XL6XPE0AMLID,GRND,20240311,arison george,0,247898.0,0,3633351.0
TINV XL6XPE0AMLID,GRND,20240313,arison george,1,125635.0,9.48,3507716.0
TINV XL6XPE0AMLID,GRND,20240313,arison george,1,130000.0,0,3377716.0
TPL R735QTJ8XC9X,TPL,20240314,roosa robert m.,0,10.0,1646.22,109.0
TPL R735QTJ8XC9X,TPL,20240314,roosa robert m.,0,26.0,1642.79,90.0
TPL R735QTJ8XC9X,TPL,20240314,roosa robert m.,0,37.0,1642.68,99.0
TPL R735QTJ8XC9X,TPL,20240314,roosa robert m.,0,4.0,1641.48,62.0
TPL R735QTJ8XC9X,TPL,20240314,roosa robert m.,0,4.0,1641.48,64.0
TPL R735QTJ8XC9X,TPL,20240314,roosa robert m.,0,41.0,1648.35,150.0
TPL R735QTJ8XC9X,TPL,20240314,roosa robert m.,0,45.0,1648.5,150.0
TPL R735QTJ8XC9X,TPL,20240314,roosa robert m.,0,58.0,1634.0,58.0
TPL R735QTJ8XC9X,TPL,20240314,roosa robert m.,0,6.0,1647.67,105.0
TPL R735QTJ8XC9X,TPL,20240314,roosa robert m.,0,60.0,1634.0,60.0
TPL R735QTJ8XC9X,TPL,20240314,roosa robert m.,0,9.0,1646.42,99.0
TPL R735QTJ8XC9X,TPL,20240314,stahl murray,0,1.0,1642.81,1809.0
TPL R735QTJ8XC9X,TPL,20240314,stahl murray,0,1.0,1642.81,43404.0
TPL R735QTJ8XC9X,TPL,20240314,stahl murray,0,2.0,1642.81,105164.0
TPL R735QTJ8XC9X,TPL,20240314,stahl murray,0,2.0,1642.81,1787.0
TPL R735QTJ8XC9X,TPL,20240314,stahl murray,0,3.0,1642.81,197256.0
TPL R735QTJ8XC9X,TPL,20240314,stahl murray,0,3.0,1642.81,2513.0
TRL R735QTJ8XC9X,DVA,20240313,staffieri michael david,0,50000.0,52.41,102748.0
TRL R735QTJ8XC9X,DVA,20240313,staffieri michael david,1,15800.0,139.21,68123.0
TRL R735QTJ8XC9X,DVA,20240313,staffieri michael david,1,18825.0,139.21,83923.0
TRS TSPKYUO0TUN9,TRS,20240314,amato thomas a,0,50447.0,0,319011.0
TRS TSPKYUO0TUN9,TRS,20240314,amato thomas a,1,1676.0,24.58,317335.0
TRS TSPKYUO0TUN9,TRS,20240314,boehne holly m,0,4068.0,0,20703.0
TRS TSPKYUO0TUN9,TRS,20240314,fielkow jeffrey a,0,4068.0,0,8513.0
TRS TSPKYUO0TUN9,TRS,20240314,finley teresa,0,4068.0,0,35311.301
TRS TSPKYUO0TUN9,TRS,20240314,greene jeffrey m,0,4068.0,0,20488.0
TRS TSPKYUO0TUN9,TRS,20240314,mell scott a,0,14239.0,0,33423.0
TRS TSPKYUO0TUN9,TRS,20240314,parker herbert k,0,4068.0,0,29057.0
TRS TSPKYUO0TUN9,TRS,20240314,robin jodi f.,0,7628.0,0,23046.0
TRS TSPKYUO0TUN9,TRS,20240314,stanage nick l,0,4068.0,0,46860.0
TRS TSPKYUO0TUN9,TRS,20240314,stress jill s.,0,6814.0,0,14574.0
TRS TSPKYUO0TUN9,TRS,20240314,tredwell daniel p,0,4068.0,0,50761.071
TRS TSPKYUO0TUN9,TRS,20240314,valenti samuel iii,0,4068.0,0,15661.0
TRUE VQLC5QAABHPH,TRUE,20240315,reigersman jantoon,1,11267.0,3.35,1651417.0
TRUE VQLC5QAABHPH,TRUE,20240315,swart jeff,1,4384.0,3.35,398291.0
TSLA UNU3P8Y3WFAD,TSLA,20240312,denholm robyn m,0,27499.0,23.17,42499.0
TSLA UNU3P8Y3WFAD,TSLA,20240312,denholm robyn m,0,66206.0,23.17,108705.0
TSLA UNU3P8Y3WFAD,TSLA,20240312,denholm robyn m,1,1619.0,176.808,45300.0
TSLA UNU3P8Y3WFAD,TSLA,20240312,denholm robyn m,1,16206.0,173.956,74431.0
TSLA UNU3P8Y3WFAD,TSLA,20240312,denholm robyn m,1,18068.0,173.055,90637.0
TSLA UNU3P8Y3WFAD,TSLA,20240312,denholm robyn m,1,24653.0,175.164,49778.0
TSLA UNU3P8Y3WFAD,TSLA,20240312,denholm robyn m,1,2859.0,175.841,46919.0
TSLA UNU3P8Y3WFAD,TSLA,20240312,denholm robyn m,1,30300.0,177.771,15000.0
TTO TPU7119ASMSL,CORR,20240212,schulte david j,0,109558.0,,381437.0
TTO TPU7119ASMSL,CORR,20240212,schulte david j,0,138830.0,,483355.0
TVAC XLWJBTIOM7OL,ISPO,20240313,institutional venture partners xiii l.p.,1,41.0,4.25,443008.0
UAG R735QTJ8XC9X,PAG,20240313,barr john,1,1600.0,154.05,716.0
UBCP R735QTJ8XC9X,UBCP,20240314,branstetter matthew fredrick,1,3251.0,11.99,52420.0
UBCP R735QTJ8XC9X,UBCP,20240314,branstetter matthew fredrick,1,6749.0,11.99,45671.0
UBCP R735QTJ8XC9X,UBCP,20240314,everson scott a,1,4701.0,11.99,139758.0
UBCP R735QTJ8XC9X,UBCP,20240314,everson scott a,1,7799.0,11.99,156959.0
UBCP R735QTJ8XC9X,UBCP,20240314,glessner gary w,1,5000.0,11.99,90460.0
UBCP R735QTJ8XC9X,UBCP,20240314,greenwood randall m,1,3085.0,11.99,85851.0
UBFO S551B7YE6N39,UBFO,20240314,gill jagroop,0,0,0,2734.0
UBFO S551B7YE6N39,UBFO,20240314,gill jagroop,0,18.0,7.5,1050275.0
UCBI SD3KEFEIG6SL,UCBI,20240313,harton h lynn,0,8329.0,0,140646.0
UCBI SD3KEFEIG6SL,UCBI,20240313,harton h lynn,1,8329.0,0,168647.0
UFPT R735QTJ8XC9X,UFPT,20230313,cardin steve,1,311.0,196.5,5643.0
UFPT R735QTJ8XC9X,UFPT,20240313,cardin steve,1,604.0,198.0,5039.0
UNM R735QTJ8XC9X,UNM,20240313,zabel steven andrew,1,10000.0,51.06,122246.0
USFD WAUYF0CD0JMT,USFD,20240313,rickard david a,0,21863.0,33.56,183418.0
USFD WAUYF0CD0JMT,USFD,20240313,rickard david a,0,25101.0,30.39,180570.0
USFD WAUYF0CD0JMT,USFD,20240313,rickard david a,0,34651.0,34.56,183212.0
USFD WAUYF0CD0JMT,USFD,20240313,rickard david a,1,17279.0,53.82,166139.0
USFD WAUYF0CD0JMT,USFD,20240313,rickard david a,1,17578.0,,148561.0
USFD WAUYF0CD0JMT,USFD,20240313,rickard david a,1,19015.0,53.82,161555.0
USFD WAUYF0CD0JMT,USFD,20240313,rickard david a,1,27743.0,53.82,155469.0
VAC V1T950VCZYAT,VAC,20240314,andrews charles elliott,0,65.0,0,24503.0
VAC V1T950VCZYAT,VAC,20240314,galbreath lizanne,0,72.0,0,14957.0
VAC V1T950VCZYAT,VAC,20240314,gellein raymond l jr,0,37.0,0,29071.0
VAC V1T950VCZYAT,VAC,20240314,gray jonice m,0,30.0,0,4448.0
VAC V1T950VCZYAT,VAC,20240314,mccarten william w,0,13.0,0,24951.0
VAC V1T950VCZYAT,VAC,20240314,morgan dianna,0,19.0,0,17781.0
VAC V1T950VCZYAT,VAC,20240314,quazzo stephen r,0,19.0,0,17250.0
VAC V1T950VCZYAT,VAC,20240314,shaw william joseph,0,19.0,0,176950.0
VERX XGKJ5L6RP3DX,VERX,20240312,2020 irrevocable trust for benefit of nicholas a. shuhan,1,9859.0,30.0097,187787.294
VERX XGKJ5L6RP3DX,VERX,20240312,item second irr. trust fbo anne marie westphal u/a of jeffrey r. westphal dated october 5 2001,1,9727.0,30.0124,1098031.706
VERX XGKJ5L6RP3DX,VERX,20240312,item second irr. trust fbo jacob j. westphal u/a of jeffrey r. westphal dated october 5 2001,1,9749.0,30.01,1259598.0
VERX XGKJ5L6RP3DX,VERX,20240313,2020 irrevocable trust for benefit of nicholas a. shuhan,1,1412.0,30.0021,186375.294
VERX XGKJ5L6RP3DX,VERX,20240313,item second irr. trust fbo anne marie westphal u/a of jeffrey r. westphal dated october 5 2001,1,1301.0,30.0,1096730.706
VERX XGKJ5L6RP3DX,VERX,20240313,item second irr. trust fbo jacob j. westphal u/a of jeffrey r. westphal dated october 5 2001,1,1300.0,30.0023,1258298.0
VERX XGKJ5L6RP3DX,VERX,20240314,2020 irrevocable trust for benefit of nicholas a. shuhan,1,8558.0,30.0066,177817.294
VERX XGKJ5L6RP3DX,VERX,20240314,item second irr. trust fbo anne marie westphal u/a of jeffrey r. westphal dated october 5 2001,1,8090.0,30.0065,1088640.706
VERX XGKJ5L6RP3DX,VERX,20240314,item second irr. trust fbo jacob j. westphal u/a of jeffrey r. westphal dated october 5 2001,1,8538.0,30.0074,1249760.0
VLD XS9YHLR0G02T,VLD,20240313,buller benyamin,1,2000.0,0.3435,5042706.0
VLD XS9YHLR0G02T,VLD,20240314,buller benyamin,1,2000.0,0.3568,5040706.0
VMC R735QTJ8XC9X,VMC,20240313,franklin denson n. iii,1,3200.0,269.48,5395.0
VPRT TCFPZ80LAY5H,CMPR,20240315,baumgartner florian,0,5683.0,46.2,39476.0
VPRT TCFPZ80LAY5H,CMPR,20240315,baumgartner florian,1,153.0,88.51,33793.0
VPRT TCFPZ80LAY5H,CMPR,20240315,baumgartner florian,1,5530.0,87.68,33946.0
VTRSV XJGWJHYNT2ED,VTRS,20240313,mauro anthony,1,250000.0,12.0948,243044.0
VZIO XN3UZXM3ZEQT,VZIO,20240313,wong ben bun,0,315000.0,1.35,3321151.0
WFII RPGU5NCOCC4L,KTOS,20240315,carrai phillip d,1,3500.0,17.3951,292944.0
WFII RPGU5NCOCC4L,KTOS,20240315,mendoza marie,1,1038.0,17.21,68192.0
WMS VSI9G9W3OAXX,WMS,20240313,barbour d. scott,0,4305.0,0,65805.0
WMS VSI9G9W3OAXX,WMS,20240313,barbour d. scott,0,4305.0,0,97805.0
WMS VSI9G9W3OAXX,WMS,20240313,barbour d. scott,1,4305.0,0,46341.0
WMS VSI9G9W3OAXX,WMS,20240313,barbour d. scott,1,4305.0,0,9695.0
WPO R735QTJ8XC9X,GHC,20240314,weymouth katharine,1,556.0,712.99,1993.0
WTS R735QTJ8XC9X,WTS,20240313,barry monica,1,168.0,203.78,4629.0
WTS R735QTJ8XC9X,WTS,20240314,barry monica,0,1093.0,0,5722.0
WTS R735QTJ8XC9X,WTS,20240314,halloran virginia a,1,1520.0,202.11,14818.0
XERS WVJCDOVYUWYT,XERS,20240314,schmid john p.,0,4500.0,2.16,11000.0
Z UYE69C59FN8L,Z,20240315,hofmann jeremy,1,7813.0,54.7643,137347.0
ZG W31CK9Q34RQD,ZG,20240315,hofmann jeremy,1,7813.0,54.7643,137347.0
ZUMZ T8EZ9H8S21K5,ZUMZ,20240313,ellis adam christopher,0,4034.0,,42304.0
ZUMZ T8EZ9H8S21K5,ZUMZ,20240313,ellis adam christopher,1,1218.0,15.4,41086.0
ZUMZ T8EZ9H8S21K5,ZUMZ,20240313,visser chris k.,1,853.0,15.4,19616.0
ZUMZ T8EZ9H8S21K5,ZUMZ,20240313,work christopher codington,1,1340.0,15.4,61379.0
ZUMZ T8EZ9H8S21K5,ZUMZ,20240314,ellis adam christopher,0,1482.0,,42568.0
ZUMZ T8EZ9H8S21K5,ZUMZ,20240314,ellis adam christopher,1,458.0,14.73,42110.0
ZUMZ T8EZ9H8S21K5,ZUMZ,20240314,visser chris k.,1,373.0,14.73,19243.0
ZUMZ T8EZ9H8S21K5,ZUMZ,20240314,work christopher codington,1,474.0,14.73,60905.0
ZVIA XQD1725736UD,ZVIA,20240313,spence padraic l.,1,26199.0,1.3209,1753540.0
